2026.08.19,01:00,4335.22,4336.09,4335.22,4335.91,12
2026.08.19,01:01,4335.87,4338.60,4335.58,4336.77,80
2026.08.19,01:02,4336.75,4338.59,4336.70,4337.97,78
2026.08.19,01:03,4337.40,4340.28,4336.87,4339.74,82
2026.08.19,01:04,4339.76,4341.39,4339.32,4340.06,48
2026.08.19,01:05,4339.65,4342.93,4339.65,4341.08,127
2026.08.19,01:06,4341.10,4342.45,4340.89,4342.18,125
2026.08.19,01:07,4342.11,4342.11,4340.58,4341.74,79
2026.08.19,01:08,4341.73,4342.03,4341.09,4342.00,84
2026.08.19,01:09,4342.16,4342.26,4341.23,4341.88,51
2026.08.19,01:10,4342.64,4342.82,4342.08,4342.41,102
2026.08.19,01:11,4342.38,4343.24,4342.03,4342.91,123
2026.08.19,01:12,4342.93,4342.97,4341.89,4342.52,132
2026.08.19,01:13,4342.59,4342.69,4340.26,4340.31,93
2026.08.19,01:14,4340.36,4341.65,4339.68,4340.33,108
2026.08.19,01:15,4340.11,4341.19,4339.48,4341.08,148
2026.08.19,01:16,4341.61,4341.61,4339.72,4339.83,112
2026.08.19,01:17,4339.85,4340.20,4338.85,4339.70,107
2026.08.19,01:18,4339.54,4339.87,4338.25,4339.61,150
2026.08.19,01:19,4339.66,4340.62,4338.77,4338.80,160
2026.08.19,01:20,4338.60,4339.71,4337.42,4338.81,221
2026.08.19,01:21,4338.82,4339.25,4334.45,4335.53,201
2026.08.19,01:22,4335.66,4335.66,4333.43,4334.48,149
2026.08.19,01:23,4334.50,4335.07,4333.77,4334.49,110
2026.08.19,01:24,4334.51,4336.57,4333.67,4334.87,166
2026.08.19,01:25,4334.79,4337.82,4334.58,4337.82,138
2026.08.19,01:26,4337.80,4339.00,4334.90,4335.39,194
2026.08.19,01:27,4335.38,4336.64,4334.42,4334.74,132
2026.08.19,01:28,4334.71,4336.18,4334.60,4336.06,141
2026.08.19,01:29,4336.05,4336.51,4334.96,4336.19,114
2026.08.19,01:30,4336.25,4336.53,4335.31,4335.77,138
2026.08.19,01:31,4335.69,4336.22,4335.10,4335.72,89
2026.08.19,01:32,4335.71,4335.73,4335.11,4335.38,93
2026.08.19,01:33,4335.41,4336.05,4335.03,4335.99,68
2026.08.19,01:34,4335.84,4336.17,4335.20,4335.49,107
2026.08.19,01:35,4335.64,4336.36,4335.64,4335.94,104
2026.08.19,01:36,4335.91,4336.24,4335.20,4335.20,92
2026.08.19,01:37,4335.22,4335.26,4333.95,4334.20,94
2026.08.19,01:38,4334.18,4335.43,4334.08,4334.72,98
2026.08.19,01:39,4334.73,4334.96,4333.49,4333.73,114
2026.08.19,01:40,4333.72,4334.32,4332.83,4333.28,136
2026.08.19,01:41,4333.27,4334.10,4332.83,4333.67,103
2026.08.19,01:42,4334.01,4334.54,4333.06,4333.29,134
2026.08.19,01:43,4333.26,4334.24,4333.26,4333.35,92
2026.08.19,01:44,4333.34,4334.08,4333.21,4333.64,91
2026.08.19,01:45,4333.63,4334.00,4333.29,4333.59,83
2026.08.19,01:46,4333.60,4334.55,4333.11,4334.19,127
2026.08.19,01:47,4334.13,4334.68,4333.62,4333.76,99
2026.08.19,01:48,4333.75,4333.92,4333.45,4333.56,32
2026.08.19,01:49,4333.55,4334.70,4333.50,4334.70,64
2026.08.19,01:50,4334.71,4334.71,4334.26,4334.30,68
2026.08.19,01:51,4334.31,4334.42,4333.79,4334.04,132
2026.08.19,01:52,4334.03,4334.77,4333.72,4334.02,138
2026.08.19,01:53,4334.06,4334.97,4333.99,4334.80,188
2026.08.19,01:54,4334.78,4335.52,4334.72,4334.86,127
2026.08.19,01:55,4334.88,4334.89,4333.79,4334.18,77
2026.08.19,01:56,4334.19,4334.92,4334.05,4334.54,66
2026.08.19,01:57,4334.53,4334.53,4333.19,4333.30,119
2026.08.19,01:58,4333.38,4333.74,4333.12,4333.28,90
2026.08.19,01:59,4333.27,4333.95,4333.17,4333.75,109
2026.08.19,02:00,4333.88,4334.32,4332.80,4334.19,148
2026.08.19,02:01,4334.22,4336.05,4334.12,4335.57,168
2026.08.19,02:02,4335.52,4336.02,4334.62,4336.00,150
2026.08.19,02:03,4336.02,4336.09,4335.54,4335.89,146
2026.08.19,02:04,4335.85,4336.01,4335.42,4335.79,120
2026.08.19,02:05,4335.81,4337.36,4335.81,4337.36,145
2026.08.19,02:06,4337.37,4337.73,4336.74,4337.73,173
2026.08.19,02:07,4337.74,4338.30,4337.55,4337.55,132
2026.08.19,02:08,4337.52,4337.57,4335.21,4335.22,134
2026.08.19,02:09,4335.10,4335.52,4334.52,4335.16,134
2026.08.19,02:10,4335.04,4335.35,4334.01,4334.37,126
2026.08.19,02:11,4334.40,4334.83,4333.12,4333.71,170
2026.08.19,02:12,4333.70,4334.24,4333.15,4334.05,168
2026.08.19,02:13,4334.06,4334.57,4332.93,4333.68,180
2026.08.19,02:14,4333.81,4334.51,4332.64,4334.09,156
2026.08.19,02:15,4334.06,4334.06,4332.56,4333.00,130
2026.08.19,02:16,4333.01,4333.55,4332.51,4332.86,132
2026.08.19,02:17,4332.87,4334.92,4332.71,4333.71,141
2026.08.19,02:18,4333.72,4333.80,4333.11,4333.26,132
2026.08.19,02:19,4333.27,4333.74,4332.23,4332.39,142
2026.08.19,02:20,4332.40,4333.48,4332.40,4333.33,120
2026.08.19,02:21,4333.29,4335.20,4333.27,4335.16,116
2026.08.19,02:22,4335.22,4337.26,4334.39,4334.78,222
2026.08.19,02:23,4334.66,4334.66,4332.46,4332.84,192
2026.08.19,02:24,4332.60,4334.14,4330.75,4332.62,193
2026.08.19,02:25,4332.72,4333.63,4331.65,4332.61,219
2026.08.19,02:26,4332.60,4332.74,4331.63,4331.82,148
2026.08.19,02:27,4331.75,4332.45,4331.75,4332.02,170
2026.08.19,02:28,4332.03,4332.14,4330.18,4330.38,184
2026.08.19,02:29,4330.67,4331.22,4330.01,4330.70,205
2026.08.19,02:30,4330.66,4330.88,4330.06,4330.87,217
2026.08.19,02:31,4330.86,4332.35,4330.49,4332.17,168
2026.08.19,02:32,4332.18,4332.71,4330.50,4330.51,176
2026.08.19,02:33,4330.60,4330.60,4327.12,4328.36,264
2026.08.19,02:34,4328.35,4330.92,4328.35,4330.91,170
2026.08.19,02:35,4330.90,4331.77,4329.84,4330.53,202
2026.08.19,02:36,4330.52,4330.81,4329.51,4330.76,173
2026.08.19,02:37,4330.97,4331.12,4329.37,4329.43,146
2026.08.19,02:38,4329.47,4329.85,4328.83,4329.00,144
2026.08.19,02:39,4329.02,4329.09,4327.27,4328.91,190
2026.08.19,02:40,4328.90,4329.50,4328.27,4328.79,161
2026.08.19,02:41,4328.86,4329.87,4328.12,4328.23,156
2026.08.19,02:42,4328.24,4329.12,4328.14,4328.29,279
2026.08.19,02:43,4328.33,4329.64,4328.33,4328.70,284
2026.08.19,02:44,4328.71,4330.31,4328.53,4329.80,367
2026.08.19,02:45,4329.83,4331.62,4329.56,4331.62,370
2026.08.19,02:46,4331.68,4332.03,4330.80,4331.02,369
2026.08.19,02:47,4330.97,4331.10,4329.82,4330.24,183
2026.08.19,02:48,4330.23,4331.37,4330.23,4330.91,161
2026.08.19,02:49,4330.93,4331.29,4329.95,4330.99,196
2026.08.19,02:50,4331.04,4331.16,4330.18,4330.37,111
2026.08.19,02:51,4330.36,4331.17,4329.98,4331.09,128
2026.08.19,02:52,4330.99,4333.78,4330.72,4333.70,150
2026.08.19,02:53,4333.66,4333.90,4331.83,4333.48,169
2026.08.19,02:54,4333.44,4334.20,4333.21,4333.96,276
2026.08.19,02:55,4333.95,4333.99,4331.97,4331.97,267
2026.08.19,02:56,4331.98,4332.27,4331.43,4331.99,259
2026.08.19,02:57,4331.98,4332.67,4331.93,4332.56,172
2026.08.19,02:58,4332.52,4333.23,4332.19,4332.77,221
2026.08.19,02:59,4332.65,4333.10,4332.40,4332.98,208
2026.08.19,03:00,4333.00,4335.32,4331.52,4335.29,383
2026.08.19,03:01,4335.30,4336.70,4334.55,4336.38,342
2026.08.19,03:02,4336.40,4339.13,4336.26,4337.95,370
2026.08.19,03:03,4337.99,4340.64,4337.30,4339.69,361
2026.08.19,03:04,4339.71,4339.71,4335.36,4336.89,316
2026.08.19,03:05,4336.91,4337.64,4335.97,4336.17,338
2026.08.19,03:06,4336.29,4340.49,4336.29,4339.29,380
2026.08.19,03:07,4339.28,4340.49,4339.04,4339.04,381
2026.08.19,03:08,4339.12,4340.14,4337.86,4340.10,325
2026.08.19,03:09,4340.14,4341.22,4339.11,4340.00,320
2026.08.19,03:10,4339.69,4340.41,4338.63,4339.20,321
2026.08.19,03:11,4339.15,4341.28,4338.24,4340.23,356
2026.08.19,03:12,4340.25,4342.00,4339.98,4341.16,260
2026.08.19,03:13,4341.29,4344.64,4341.01,4344.53,337
2026.08.19,03:14,4344.56,4344.91,4342.66,4342.95,336
2026.08.19,03:15,4342.93,4344.72,4342.86,4343.39,379
2026.08.19,03:16,4343.44,4345.85,4343.08,4345.60,320
2026.08.19,03:17,4345.56,4346.06,4344.76,4344.77,319
2026.08.19,03:18,4345.10,4346.22,4344.93,4345.79,237
2026.08.19,03:19,4345.56,4346.38,4343.49,4343.66,289
2026.08.19,03:20,4343.67,4343.90,4342.40,4342.76,290
2026.08.19,03:21,4342.83,4343.51,4341.68,4342.56,304
2026.08.19,03:22,4342.57,4345.22,4342.57,4344.65,332
2026.08.19,03:23,4344.64,4346.22,4344.13,4344.80,248
2026.08.19,03:24,4344.81,4344.90,4342.51,4343.20,350
2026.08.19,03:25,4343.18,4343.71,4342.15,4342.36,353
2026.08.19,03:26,4342.33,4342.98,4341.28,4342.90,338
2026.08.19,03:27,4342.98,4343.68,4339.20,4340.67,342
2026.08.19,03:28,4340.68,4342.14,4340.05,4342.07,297
2026.08.19,03:29,4342.06,4342.96,4341.52,4342.95,255
2026.08.19,03:30,4342.94,4344.26,4342.35,4344.26,282
2026.08.19,03:31,4344.18,4345.41,4344.12,4344.75,286
2026.08.19,03:32,4344.74,4345.74,4343.87,4344.08,267
2026.08.19,03:33,4343.83,4343.95,4339.60,4340.11,359
2026.08.19,03:34,4340.05,4341.42,4339.68,4340.65,328
2026.08.19,03:35,4340.67,4343.48,4340.54,4342.92,327
2026.08.19,03:36,4342.86,4343.29,4341.28,4343.22,329
2026.08.19,03:37,4343.17,4343.84,4341.80,4343.73,297
2026.08.19,03:38,4343.69,4346.85,4343.65,4346.16,318
2026.08.19,03:39,4345.97,4345.97,4343.30,4344.82,286
2026.08.19,03:40,4344.86,4346.38,4344.31,4346.05,248
2026.08.19,03:41,4346.03,4346.75,4345.61,4346.33,277
2026.08.19,03:42,4346.30,4347.18,4345.75,4346.16,277
2026.08.19,03:43,4346.15,4346.15,4344.14,4344.77,264
2026.08.19,03:44,4344.79,4345.25,4343.16,4343.66,318
2026.08.19,03:45,4343.70,4344.54,4342.78,4342.78,266
2026.08.19,03:46,4342.56,4343.99,4342.56,4343.45,302
2026.08.19,03:47,4343.40,4343.83,4342.57,4343.06,308
2026.08.19,03:48,4343.07,4344.00,4342.41,4342.96,309
2026.08.19,03:49,4343.05,4343.34,4342.37,4342.77,281
2026.08.19,03:50,4342.76,4343.64,4342.52,4342.89,367
2026.08.19,03:51,4342.94,4343.72,4341.90,4343.42,438
2026.08.19,03:52,4343.40,4344.74,4342.60,4344.09,425
2026.08.19,03:53,4344.11,4344.54,4343.68,4344.01,410
2026.08.19,03:54,4344.05,4344.50,4341.30,4341.49,427
2026.08.19,03:55,4341.46,4342.40,4341.20,4341.79,393
2026.08.19,03:56,4341.80,4341.88,4337.39,4337.41,382
2026.08.19,03:57,4337.40,4339.64,4337.40,4338.95,369
2026.08.19,03:58,4338.98,4338.98,4337.10,4337.14,350
2026.08.19,03:59,4337.17,4342.22,4337.17,4338.09,353
2026.08.19,04:00,4338.07,4339.85,4332.11,4332.11,513
2026.08.19,04:01,4332.21,4333.62,4329.11,4330.72,482
2026.08.19,04:02,4330.73,4331.27,4324.53,4330.12,506
2026.08.19,04:03,4330.15,4331.58,4326.81,4328.84,448
2026.08.19,04:04,4329.11,4332.67,4328.58,4332.42,425
2026.08.19,04:05,4332.44,4337.51,4331.50,4337.16,421
2026.08.19,04:06,4337.01,4341.90,4336.66,4338.32,399
2026.08.19,04:07,4338.36,4339.64,4337.53,4337.99,352
2026.08.19,04:08,4338.00,4342.66,4336.01,4342.66,393
2026.08.19,04:09,4342.65,4342.67,4338.58,4340.47,337
2026.08.19,04:10,4340.29,4340.71,4337.10,4338.79,344
2026.08.19,04:11,4338.81,4340.22,4338.15,4338.76,329
2026.08.19,04:12,4338.77,4340.68,4338.19,4340.48,345
2026.08.19,04:13,4340.57,4343.59,4340.31,4343.04,311
2026.08.19,04:14,4343.03,4344.01,4341.72,4343.90,299
2026.08.19,04:15,4343.91,4346.29,4343.41,4343.54,385
2026.08.19,04:16,4343.56,4343.56,4340.70,4340.70,334
2026.08.19,04:17,4340.76,4340.81,4337.67,4340.40,395
2026.08.19,04:18,4340.24,4341.04,4334.58,4336.34,447
2026.08.19,04:19,4336.35,4339.24,4335.87,4337.81,446
2026.08.19,04:20,4337.84,4340.12,4337.49,4339.36,442
2026.08.19,04:21,4339.27,4339.43,4333.13,4333.13,410
2026.08.19,04:22,4333.14,4335.84,4333.02,4335.74,376
2026.08.19,04:23,4335.84,4339.21,4335.46,4336.78,351
2026.08.19,04:24,4336.76,4337.89,4335.38,4337.41,365
2026.08.19,04:25,4337.36,4339.46,4336.88,4337.34,299
2026.08.19,04:26,4337.33,4338.19,4335.53,4337.07,323
2026.08.19,04:27,4337.10,4339.58,4336.94,4339.43,372
2026.08.19,04:28,4339.44,4341.29,4338.98,4340.43,355
2026.08.19,04:29,4340.45,4342.59,4340.28,4342.36,299
2026.08.19,04:30,4342.37,4345.32,4342.37,4345.18,339
2026.08.19,04:31,4345.23,4346.68,4345.06,4346.57,323
2026.08.19,04:32,4346.48,4346.70,4344.40,4344.85,367
2026.08.19,04:33,4344.91,4348.55,4344.43,4348.55,298
2026.08.19,04:34,4348.51,4351.19,4348.44,4350.70,311
2026.08.19,04:35,4350.68,4351.66,4350.18,4350.94,317
2026.08.19,04:36,4350.90,4351.82,4350.32,4351.17,313
2026.08.19,04:37,4351.16,4353.45,4351.11,4353.28,297
2026.08.19,04:38,4353.26,4356.27,4353.02,4355.22,324
2026.08.19,04:39,4355.13,4356.30,4354.67,4355.33,294
2026.08.19,04:40,4355.35,4357.55,4355.24,4355.30,309
2026.08.19,04:41,4355.31,4357.18,4355.14,4356.25,298
2026.08.19,04:42,4356.30,4357.31,4355.57,4356.71,295
2026.08.19,04:43,4356.68,4357.12,4354.17,4354.17,318
2026.08.19,04:44,4354.21,4355.83,4354.12,4355.47,266
2026.08.19,04:45,4355.45,4355.98,4353.92,4354.16,363
2026.08.19,04:46,4354.13,4355.53,4352.74,4353.52,313
2026.08.19,04:47,4353.54,4356.62,4353.33,4353.95,316
2026.08.19,04:48,4353.91,4353.91,4351.70,4352.71,288
2026.08.19,04:49,4352.77,4352.85,4350.81,4351.12,287
2026.08.19,04:50,4351.06,4353.78,4350.53,4353.30,317
2026.08.19,04:51,4353.32,4354.51,4352.86,4353.78,258
2026.08.19,04:52,4353.77,4354.16,4351.91,4352.49,257
2026.08.19,04:53,4352.50,4353.56,4352.43,4352.74,238
2026.08.19,04:54,4352.73,4355.01,4352.51,4353.32,326
2026.08.19,04:55,4353.31,4355.81,4352.78,4355.30,336
2026.08.19,04:56,4355.42,4355.52,4353.59,4354.18,271
2026.08.19,04:57,4354.06,4354.90,4352.77,4353.21,241
2026.08.19,04:58,4353.13,4355.48,4353.13,4355.43,285
2026.08.19,04:59,4355.33,4356.63,4354.84,4356.45,301
2026.08.19,05:00,4356.46,4357.12,4355.83,4356.82,287
2026.08.19,05:01,4356.80,4357.20,4355.79,4355.83,238
2026.08.19,05:02,4355.84,4356.14,4352.87,4353.20,238
2026.08.19,05:03,4353.08,4354.09,4351.59,4353.28,260
2026.08.19,05:04,4353.23,4354.79,4352.97,4354.27,193
2026.08.19,05:05,4354.26,4357.11,4352.98,4356.81,269
2026.08.19,05:06,4356.85,4356.98,4352.92,4353.33,279
2026.08.19,05:07,4353.27,4354.64,4352.84,4354.64,213
2026.08.19,05:08,4354.62,4355.49,4354.02,4355.05,195
2026.08.19,05:09,4354.99,4355.86,4354.45,4355.74,234
2026.08.19,05:10,4355.87,4355.92,4354.95,4355.33,191
2026.08.19,05:11,4355.34,4355.92,4354.40,4354.91,263
2026.08.19,05:12,4354.90,4355.40,4353.36,4353.37,269
2026.08.19,05:13,4353.40,4354.49,4353.40,4353.44,234
2026.08.19,05:14,4353.43,4354.02,4352.54,4353.53,242
2026.08.19,05:15,4353.64,4354.07,4352.46,4352.91,249
2026.08.19,05:16,4352.88,4359.29,4352.88,4357.04,425
2026.08.19,05:17,4357.03,4358.71,4356.52,4357.00,393
2026.08.19,05:18,4356.94,4360.62,4355.61,4358.95,337
2026.08.19,05:19,4358.75,4359.10,4358.43,4358.81,275
2026.08.19,05:20,4358.82,4359.72,4358.00,4359.63,269
2026.08.19,05:21,4359.64,4361.47,4359.64,4361.10,257
2026.08.19,05:22,4360.90,4361.18,4359.81,4360.87,253
2026.08.19,05:23,4360.84,4361.76,4360.64,4361.69,247
2026.08.19,05:24,4361.58,4362.05,4359.66,4359.86,223
2026.08.19,05:25,4359.87,4360.62,4359.81,4360.38,211
2026.08.19,05:26,4360.44,4361.24,4360.24,4360.42,217
2026.08.19,05:27,4360.54,4360.71,4359.72,4360.18,295
2026.08.19,05:28,4360.16,4360.89,4359.63,4360.06,286
2026.08.19,05:29,4360.09,4361.02,4359.06,4359.66,265
2026.08.19,05:30,4359.90,4360.20,4357.38,4357.94,358
2026.08.19,05:31,4357.97,4358.22,4356.53,4356.53,309
2026.08.19,05:32,4356.58,4358.12,4356.29,4356.50,351
2026.08.19,05:33,4356.60,4357.90,4355.99,4357.90,321
2026.08.19,05:34,4357.63,4357.64,4355.67,4356.85,240
2026.08.19,05:35,4356.83,4357.36,4356.30,4357.36,277
2026.08.19,05:36,4357.38,4357.77,4355.85,4355.91,316
2026.08.19,05:37,4355.97,4358.31,4355.37,4355.53,319
2026.08.19,05:38,4355.38,4355.69,4354.40,4355.53,283
2026.08.19,05:39,4355.47,4356.79,4354.19,4355.28,248
2026.08.19,05:40,4355.26,4356.32,4354.81,4355.94,221
2026.08.19,05:41,4355.95,4357.37,4355.27,4357.19,224
2026.08.19,05:42,4357.21,4358.23,4357.14,4357.79,241
2026.08.19,05:43,4357.72,4357.87,4355.73,4356.12,205
2026.08.19,05:44,4356.11,4356.56,4355.18,4355.30,280
2026.08.19,05:45,4355.48,4357.20,4355.32,4356.32,300
2026.08.19,05:46,4356.29,4357.01,4355.85,4356.54,306
2026.08.19,05:47,4356.53,4356.71,4354.15,4355.14,287
2026.08.19,05:48,4355.16,4356.05,4354.62,4355.35,255
2026.08.19,05:49,4355.33,4356.10,4355.16,4355.46,202
2026.08.19,05:50,4355.42,4356.24,4354.31,4356.08,305
2026.08.19,05:51,4356.09,4356.34,4355.32,4355.32,292
2026.08.19,05:52,4355.33,4355.55,4353.93,4354.50,322
2026.08.19,05:53,4354.48,4354.66,4352.83,4354.45,293
2026.08.19,05:54,4354.44,4354.63,4353.83,4354.01,264
2026.08.19,05:55,4354.00,4354.88,4353.42,4353.70,289
2026.08.19,05:56,4353.68,4353.95,4351.53,4351.86,281
2026.08.19,05:57,4351.93,4354.32,4351.92,4354.27,307
2026.08.19,05:58,4354.37,4354.85,4354.10,4354.48,245
2026.08.19,05:59,4354.53,4355.06,4353.77,4354.95,188
2026.08.19,06:00,4354.93,4355.40,4353.62,4355.30,293
2026.08.19,06:01,4355.29,4355.67,4353.30,4353.57,259
2026.08.19,06:02,4353.59,4354.39,4352.73,4354.37,261
2026.08.19,06:03,4354.34,4355.37,4353.77,4354.55,240
2026.08.19,06:04,4354.62,4356.04,4354.51,4355.67,269
2026.08.19,06:05,4355.66,4355.66,4353.17,4353.46,263
2026.08.19,06:06,4353.51,4354.36,4352.35,4352.45,285
2026.08.19,06:07,4352.48,4352.93,4352.08,4352.50,244
2026.08.19,06:08,4352.49,4353.90,4351.95,4353.59,255
2026.08.19,06:09,4353.62,4353.99,4352.30,4353.67,271
2026.08.19,06:10,4353.68,4354.53,4353.43,4354.45,249
2026.08.19,06:11,4354.46,4354.84,4353.54,4354.82,243
2026.08.19,06:12,4354.99,4355.26,4354.08,4354.95,259
2026.08.19,06:13,4354.98,4355.28,4353.60,4354.13,257
2026.08.19,06:14,4354.16,4354.55,4353.61,4354.50,251
2026.08.19,06:15,4354.52,4354.99,4354.33,4354.74,269
2026.08.19,06:16,4354.73,4356.18,4353.44,4353.95,240
2026.08.19,06:17,4354.05,4354.26,4352.09,4352.63,333
2026.08.19,06:18,4352.62,4352.80,4351.88,4352.71,270
2026.08.19,06:19,4352.62,4352.82,4352.29,4352.76,222
2026.08.19,06:20,4352.74,4353.47,4351.87,4353.28,239
2026.08.19,06:21,4353.24,4353.82,4352.88,4353.58,258
2026.08.19,06:22,4353.60,4353.98,4353.30,4353.98,185
2026.08.19,06:23,4353.99,4354.72,4353.97,4354.39,166
2026.08.19,06:24,4354.42,4355.80,4354.23,4355.65,209
2026.08.19,06:25,4355.68,4357.11,4355.68,4356.62,252
2026.08.19,06:26,4356.58,4356.90,4355.85,4356.26,175
2026.08.19,06:27,4356.29,4357.54,4356.21,4357.41,177
2026.08.19,06:28,4357.39,4357.89,4356.94,4357.42,191
2026.08.19,06:29,4357.52,4357.77,4356.84,4357.04,206
2026.08.19,06:30,4357.03,4358.32,4357.03,4358.18,231
2026.08.19,06:31,4358.17,4358.18,4356.72,4356.72,214
2026.08.19,06:32,4356.75,4357.42,4356.14,4357.01,199
2026.08.19,06:33,4357.02,4357.13,4356.50,4356.67,139
2026.08.19,06:34,4356.65,4357.06,4355.94,4356.98,146
2026.08.19,06:35,4356.99,4357.98,4356.98,4357.59,135
2026.08.19,06:36,4357.63,4357.87,4357.38,4357.54,105
2026.08.19,06:37,4357.55,4358.26,4357.47,4358.09,141
2026.08.19,06:38,4358.16,4360.33,4358.14,4360.30,164
2026.08.19,06:39,4360.20,4360.27,4357.91,4358.21,188
2026.08.19,06:40,4358.20,4358.21,4357.18,4357.44,167
2026.08.19,06:41,4357.46,4357.87,4357.28,4357.29,147
2026.08.19,06:42,4357.35,4357.51,4357.03,4357.06,130
2026.08.19,06:43,4357.07,4358.11,4357.03,4357.87,121
2026.08.19,06:44,4357.81,4358.73,4357.50,4358.47,125
2026.08.19,06:45,4358.55,4358.84,4357.06,4357.35,173
2026.08.19,06:46,4357.36,4357.85,4357.34,4357.69,152
2026.08.19,06:47,4357.74,4358.22,4357.43,4357.53,131
2026.08.19,06:48,4357.52,4357.67,4356.73,4356.86,182
2026.08.19,06:49,4356.94,4357.86,4356.32,4357.81,173
2026.08.19,06:50,4357.80,4358.46,4357.80,4358.27,146
2026.08.19,06:51,4358.26,4358.28,4356.93,4357.81,133
2026.08.19,06:52,4357.88,4357.88,4357.16,4357.73,115
2026.08.19,06:53,4357.72,4357.83,4356.64,4356.71,147
2026.08.19,06:54,4356.72,4356.73,4355.68,4355.72,179
2026.08.19,06:55,4355.68,4356.43,4355.62,4356.39,193
2026.08.19,06:56,4356.40,4356.48,4355.71,4355.92,172
2026.08.19,06:57,4355.89,4356.03,4355.25,4355.36,165
2026.08.19,06:58,4355.33,4355.69,4355.10,4355.13,112
2026.08.19,06:59,4355.14,4355.23,4354.75,4354.94,129
2026.08.19,07:00,4355.15,4356.24,4355.00,4355.32,152
2026.08.19,07:01,4355.31,4355.73,4354.86,4355.68,138
2026.08.19,07:02,4355.59,4355.77,4355.43,4355.70,93
2026.08.19,07:03,4355.81,4355.88,4354.32,4354.37,150
2026.08.19,07:04,4354.38,4354.38,4353.45,4353.85,190
2026.08.19,07:05,4353.84,4354.60,4353.12,4354.52,175
2026.08.19,07:06,4354.51,4354.84,4353.80,4353.88,119
2026.08.19,07:07,4353.86,4354.20,4353.74,4354.17,99
2026.08.19,07:08,4354.15,4354.24,4353.89,4353.98,113
2026.08.19,07:09,4353.96,4354.56,4353.87,4354.40,108
2026.08.19,07:10,4354.47,4354.78,4353.55,4353.97,168
2026.08.19,07:11,4354.27,4354.88,4354.10,4354.30,162
2026.08.19,07:12,4354.28,4354.75,4353.62,4354.33,124
2026.08.19,07:13,4354.34,4354.43,4354.01,4354.21,141
2026.08.19,07:14,4354.18,4354.68,4353.94,4354.63,125
2026.08.19,07:15,4354.62,4354.91,4352.96,4353.08,159
2026.08.19,07:16,4353.17,4353.17,4351.91,4351.91,161
2026.08.19,07:17,4351.82,4352.00,4350.09,4350.56,212
2026.08.19,07:18,4350.57,4352.40,4350.26,4352.23,207
2026.08.19,07:19,4352.26,4352.95,4352.24,4352.34,172
2026.08.19,07:20,4352.33,4352.46,4351.02,4351.10,216
2026.08.19,07:21,4351.09,4352.12,4350.83,4351.33,239
2026.08.19,07:22,4351.32,4352.59,4351.25,4352.48,242
2026.08.19,07:23,4352.49,4352.79,4351.91,4352.59,203
2026.08.19,07:24,4352.56,4352.76,4351.06,4351.64,230
2026.08.19,07:25,4351.65,4351.67,4350.55,4350.70,219
2026.08.19,07:26,4350.68,4351.12,4350.55,4351.02,200
2026.08.19,07:27,4351.07,4351.11,4350.24,4350.70,170
2026.08.19,07:28,4350.75,4351.27,4350.73,4350.96,142
2026.08.19,07:29,4350.95,4351.27,4350.92,4351.14,144
2026.08.19,07:30,4351.28,4352.03,4351.23,4351.38,211
2026.08.19,07:31,4351.47,4351.63,4350.56,4350.69,249
2026.08.19,07:32,4350.71,4350.83,4350.13,4350.48,220
2026.08.19,07:33,4350.44,4350.80,4349.53,4350.55,225
2026.08.19,07:34,4350.70,4350.76,4349.63,4349.70,199
2026.08.19,07:35,4349.73,4350.64,4349.71,4350.36,136
2026.08.19,07:36,4350.32,4350.50,4350.17,4350.46,138
2026.08.19,07:37,4350.50,4350.64,4348.80,4348.80,224
2026.08.19,07:38,4348.61,4348.78,4347.00,4347.27,222
2026.08.19,07:39,4347.23,4347.73,4346.52,4346.52,321
2026.08.19,07:40,4346.53,4347.50,4346.50,4346.78,273
2026.08.19,07:41,4346.77,4347.41,4346.70,4346.86,205
2026.08.19,07:42,4346.84,4347.06,4345.20,4345.77,208
2026.08.19,07:43,4345.79,4346.05,4344.97,4345.89,212
2026.08.19,07:44,4346.04,4346.64,4345.83,4346.48,208
2026.08.19,07:45,4346.51,4346.75,4345.91,4346.55,226
2026.08.19,07:46,4346.52,4346.65,4346.20,4346.60,159
2026.08.19,07:47,4346.59,4346.85,4345.93,4345.94,147
2026.08.19,07:48,4346.00,4346.19,4345.79,4346.14,172
2026.08.19,07:49,4346.15,4347.05,4346.14,4346.60,218
2026.08.19,07:50,4346.61,4346.63,4345.04,4345.04,171
2026.08.19,07:51,4345.05,4345.61,4344.75,4345.24,182
2026.08.19,07:52,4345.22,4345.53,4343.86,4345.08,219
2026.08.19,07:53,4345.09,4345.10,4344.25,4344.82,169
2026.08.19,07:54,4344.84,4345.24,4344.62,4344.87,184
2026.08.19,07:55,4344.85,4345.56,4344.67,4345.49,155
2026.08.19,07:56,4345.51,4346.51,4344.93,4345.01,224
2026.08.19,07:57,4345.05,4347.73,4344.45,4347.73,224
2026.08.19,07:58,4347.71,4348.33,4347.42,4347.91,196
2026.08.19,07:59,4347.84,4348.53,4347.69,4348.50,216
2026.08.19,08:00,4348.51,4349.58,4348.16,4348.74,269
2026.08.19,08:01,4348.70,4350.70,4348.70,4349.06,244
2026.08.19,08:02,4349.05,4349.05,4347.37,4347.78,238
2026.08.19,08:03,4347.83,4347.84,4346.37,4347.73,240
2026.08.19,08:04,4347.72,4347.84,4346.53,4347.32,227
2026.08.19,08:05,4347.39,4347.73,4346.63,4347.07,279
2026.08.19,08:06,4347.04,4347.09,4343.68,4344.16,250
2026.08.19,08:07,4344.15,4344.35,4343.07,4344.01,265
2026.08.19,08:08,4343.97,4343.97,4343.11,4343.51,206
2026.08.19,08:09,4343.52,4343.54,4342.39,4342.50,204
2026.08.19,08:10,4342.51,4342.82,4340.39,4340.84,231
2026.08.19,08:11,4340.78,4340.95,4339.47,4340.00,229
2026.08.19,08:12,4339.98,4339.98,4339.21,4339.61,195
2026.08.19,08:13,4339.60,4339.89,4339.21,4339.37,197
2026.08.19,08:14,4339.32,4340.05,4338.73,4338.94,244
2026.08.19,08:15,4338.95,4339.26,4338.35,4338.59,230
2026.08.19,08:16,4338.64,4339.50,4338.24,4339.06,266
2026.08.19,08:17,4339.05,4339.05,4336.81,4337.25,223
2026.08.19,08:18,4337.29,4337.84,4336.93,4337.23,182
2026.08.19,08:19,4337.34,4337.70,4336.71,4337.67,206
2026.08.19,08:20,4337.60,4339.30,4337.48,4338.20,233
2026.08.19,08:21,4338.52,4340.50,4338.52,4340.32,211
2026.08.19,08:22,4340.33,4340.79,4339.26,4339.39,201
2026.08.19,08:23,4339.43,4342.22,4339.43,4342.18,237
2026.08.19,08:24,4342.24,4342.65,4341.41,4341.49,243
2026.08.19,08:25,4341.52,4341.78,4340.59,4340.91,207
2026.08.19,08:26,4340.92,4342.31,4340.72,4341.72,183
2026.08.19,08:27,4341.78,4342.34,4341.40,4342.06,208
2026.08.19,08:28,4342.22,4344.07,4342.14,4343.98,195
2026.08.19,08:29,4343.97,4345.28,4343.96,4345.18,218
2026.08.19,08:30,4345.34,4345.39,4338.47,4339.99,447
2026.08.19,08:31,4340.01,4340.31,4338.43,4339.93,357
2026.08.19,08:32,4339.91,4341.46,4338.76,4339.19,353
2026.08.19,08:33,4339.24,4341.77,4336.94,4341.64,413
2026.08.19,08:34,4341.59,4342.36,4337.93,4338.33,361
2026.08.19,08:35,4338.40,4338.96,4336.74,4338.78,344
2026.08.19,08:36,4338.67,4340.69,4337.68,4340.62,338
2026.08.19,08:37,4340.63,4341.48,4338.15,4338.59,300
2026.08.19,08:38,4338.32,4340.08,4337.30,4339.52,286
2026.08.19,08:39,4339.50,4342.95,4339.41,4342.89,282
2026.08.19,08:40,4342.86,4343.01,4341.38,4341.82,270
2026.08.19,08:41,4341.80,4341.98,4341.24,4341.41,246
2026.08.19,08:42,4341.40,4343.28,4340.46,4342.71,277
2026.08.19,08:43,4342.72,4343.57,4339.93,4340.82,287
2026.08.19,08:44,4340.66,4342.78,4340.00,4342.20,231
2026.08.19,08:45,4342.18,4342.21,4336.94,4338.86,317
2026.08.19,08:46,4338.87,4339.53,4338.15,4338.17,249
2026.08.19,08:47,4338.22,4338.58,4335.09,4336.60,317
2026.08.19,08:48,4336.24,4338.56,4335.86,4338.09,261
2026.08.19,08:49,4338.08,4338.26,4336.23,4337.04,266
2026.08.19,08:50,4337.05,4337.48,4335.36,4336.95,227
2026.08.19,08:51,4336.91,4337.45,4335.88,4336.36,278
2026.08.19,08:52,4336.45,4337.17,4335.16,4335.73,279
2026.08.19,08:53,4335.70,4338.19,4335.10,4336.95,284
2026.08.19,08:54,4336.92,4336.99,4334.97,4335.49,267
2026.08.19,08:55,4335.50,4336.71,4335.33,4336.48,235
2026.08.19,08:56,4336.30,4337.24,4335.23,4337.21,318
2026.08.19,08:57,4337.22,4338.85,4336.36,4338.66,238
2026.08.19,08:58,4338.67,4338.67,4337.16,4337.33,275
2026.08.19,08:59,4337.36,4337.37,4335.67,4335.71,196
2026.08.19,09:00,4335.72,4340.78,4335.43,4340.49,357
2026.08.19,09:01,4340.59,4341.38,4336.67,4336.80,303
2026.08.19,09:02,4336.81,4339.52,4336.81,4339.29,257
2026.08.19,09:03,4339.30,4339.56,4335.44,4336.86,357
2026.08.19,09:04,4336.91,4338.31,4336.64,4337.66,318
2026.08.19,09:05,4337.70,4339.46,4337.58,4338.38,335
2026.08.19,09:06,4338.28,4338.38,4336.87,4337.59,286
2026.08.19,09:07,4337.55,4337.86,4336.26,4336.89,294
2026.08.19,09:08,4336.57,4339.43,4335.32,4338.85,344
2026.08.19,09:09,4338.87,4340.42,4338.17,4338.91,299
2026.08.19,09:10,4338.88,4341.72,4338.88,4341.43,321
2026.08.19,09:11,4341.31,4341.75,4339.62,4340.27,334
2026.08.19,09:12,4340.16,4340.57,4339.30,4339.58,244
2026.08.19,09:13,4339.56,4340.19,4337.03,4337.37,285
2026.08.19,09:14,4337.33,4338.55,4337.19,4337.40,285
2026.08.19,09:15,4337.41,4341.01,4336.94,4340.88,310
2026.08.19,09:16,4340.98,4342.06,4340.37,4341.79,256
2026.08.19,09:17,4341.86,4344.63,4341.86,4343.67,305
2026.08.19,09:18,4343.65,4345.85,4343.59,4345.32,272
2026.08.19,09:19,4345.33,4346.21,4344.48,4345.31,303
2026.08.19,09:20,4345.27,4348.34,4344.73,4346.97,310
2026.08.19,09:21,4346.98,4348.33,4346.79,4346.87,264
2026.08.19,09:22,4346.88,4347.28,4344.90,4346.35,263
2026.08.19,09:23,4346.36,4347.33,4345.99,4346.35,276
2026.08.19,09:24,4346.31,4347.41,4345.78,4346.08,267
2026.08.19,09:25,4346.17,4346.95,4344.83,4345.77,282
2026.08.19,09:26,4345.78,4346.06,4343.58,4343.62,284
2026.08.19,09:27,4343.59,4343.86,4341.49,4342.05,280
2026.08.19,09:28,4342.16,4342.46,4340.59,4341.30,295
2026.08.19,09:29,4341.31,4343.27,4341.14,4343.23,278
2026.08.19,09:30,4343.27,4343.37,4339.65,4339.78,374
2026.08.19,09:31,4339.79,4340.63,4337.74,4338.43,321
2026.08.19,09:32,4338.44,4338.89,4337.14,4338.41,322
2026.08.19,09:33,4338.43,4339.86,4338.09,4339.74,337
2026.08.19,09:34,4339.65,4339.76,4337.55,4338.64,328
2026.08.19,09:35,4338.57,4340.14,4338.57,4339.76,247
2026.08.19,09:36,4339.69,4342.41,4339.52,4342.23,270
2026.08.19,09:37,4342.20,4345.73,4342.04,4344.75,290
2026.08.19,09:38,4344.76,4345.04,4342.99,4342.99,266
2026.08.19,09:39,4342.97,4344.17,4342.85,4344.05,216
2026.08.19,09:40,4344.08,4344.44,4342.57,4343.04,324
2026.08.19,09:41,4343.19,4343.39,4341.84,4342.60,285
2026.08.19,09:42,4342.56,4343.71,4341.91,4342.48,269
2026.08.19,09:43,4342.50,4343.33,4342.38,4343.20,237
2026.08.19,09:44,4343.15,4343.33,4341.47,4341.87,281
2026.08.19,09:45,4341.88,4342.09,4340.75,4341.68,273
2026.08.19,09:46,4341.62,4343.15,4341.51,4342.64,252
2026.08.19,09:47,4342.68,4343.89,4342.29,4343.27,311
2026.08.19,09:48,4343.24,4343.40,4342.06,4342.98,276
2026.08.19,09:49,4343.00,4344.14,4342.52,4343.93,321
2026.08.19,09:50,4343.95,4345.45,4343.90,4344.97,327
2026.08.19,09:51,4345.00,4347.02,4344.60,4345.27,301
2026.08.19,09:52,4345.26,4346.23,4344.90,4345.99,260
2026.08.19,09:53,4346.00,4346.97,4345.77,4346.81,286
2026.08.19,09:54,4346.82,4347.92,4346.82,4347.75,223
2026.08.19,09:55,4347.65,4348.90,4347.65,4348.75,278
2026.08.19,09:56,4348.76,4348.89,4347.87,4347.94,287
2026.08.19,09:57,4347.92,4348.22,4347.46,4347.90,280
2026.08.19,09:58,4347.92,4348.49,4347.44,4348.44,328
2026.08.19,09:59,4348.45,4349.46,4348.06,4349.04,315
2026.08.19,10:00,4349.14,4350.43,4348.55,4350.18,455
2026.08.19,10:01,4350.28,4350.28,4347.52,4349.67,289
2026.08.19,10:02,4349.78,4351.23,4349.61,4350.77,247
2026.08.19,10:03,4350.80,4351.20,4350.37,4350.82,233
2026.08.19,10:04,4350.62,4350.66,4347.78,4348.10,275
2026.08.19,10:05,4348.03,4349.59,4347.82,4348.82,290
2026.08.19,10:06,4348.84,4349.13,4348.35,4348.53,232
2026.08.19,10:07,4348.51,4350.71,4348.35,4350.18,248
2026.08.19,10:08,4350.17,4352.12,4349.74,4351.97,241
2026.08.19,10:09,4351.96,4353.53,4351.93,4352.95,262
2026.08.19,10:10,4352.97,4353.48,4352.18,4352.52,236
2026.08.19,10:11,4352.54,4352.98,4351.20,4351.80,226
2026.08.19,10:12,4351.82,4351.89,4351.36,4351.50,175
2026.08.19,10:13,4351.49,4351.88,4349.85,4350.00,264
2026.08.19,10:14,4349.99,4351.13,4349.81,4350.49,231
2026.08.19,10:15,4350.43,4350.47,4347.45,4347.90,276
2026.08.19,10:16,4348.12,4349.16,4347.87,4347.87,248
2026.08.19,10:17,4347.90,4349.29,4347.87,4349.01,219
2026.08.19,10:18,4348.99,4350.51,4348.52,4350.01,247
2026.08.19,10:19,4350.13,4351.53,4349.99,4350.85,232
2026.08.19,10:20,4350.70,4351.77,4349.99,4350.13,251
2026.08.19,10:21,4350.11,4351.79,4348.95,4351.73,271
2026.08.19,10:22,4351.70,4352.43,4351.20,4352.38,219
2026.08.19,10:23,4352.22,4354.74,4351.83,4354.39,245
2026.08.19,10:24,4354.70,4354.88,4352.78,4354.27,240
2026.08.19,10:25,4354.28,4355.11,4354.01,4354.05,222
2026.08.19,10:26,4354.04,4356.69,4354.03,4356.66,288
2026.08.19,10:27,4356.64,4356.97,4356.06,4356.13,290
2026.08.19,10:28,4356.20,4356.50,4355.03,4355.71,300
2026.08.19,10:29,4355.65,4356.72,4355.07,4356.72,233
2026.08.19,10:30,4356.50,4357.62,4356.33,4356.96,231
2026.08.19,10:31,4356.91,4358.55,4356.74,4357.99,260
2026.08.19,10:32,4357.96,4360.74,4357.96,4358.59,250
2026.08.19,10:33,4358.60,4360.06,4358.60,4359.88,261
2026.08.19,10:34,4359.95,4360.12,4358.47,4359.49,241
2026.08.19,10:35,4359.26,4360.74,4358.86,4360.50,282
2026.08.19,10:36,4360.52,4363.19,4360.44,4361.76,273
2026.08.19,10:37,4361.75,4362.23,4359.37,4359.38,226
2026.08.19,10:38,4359.54,4359.54,4357.52,4358.57,261
2026.08.19,10:39,4358.67,4358.74,4357.24,4357.57,212
2026.08.19,10:40,4357.63,4357.83,4356.95,4356.96,239
2026.08.19,10:41,4356.99,4357.50,4356.54,4356.80,201
2026.08.19,10:42,4356.48,4356.67,4355.69,4355.83,211
2026.08.19,10:43,4355.92,4355.98,4352.95,4353.34,256
2026.08.19,10:44,4353.36,4354.62,4352.79,4354.51,257
2026.08.19,10:45,4354.50,4355.45,4354.28,4354.82,252
2026.08.19,10:46,4354.81,4355.50,4354.42,4355.33,244
2026.08.19,10:47,4355.45,4355.78,4354.45,4354.45,204
2026.08.19,10:48,4354.47,4357.17,4354.45,4357.12,241
2026.08.19,10:49,4357.13,4357.13,4354.93,4356.48,216
2026.08.19,10:50,4356.51,4356.58,4354.81,4356.02,220
2026.08.19,10:51,4356.01,4356.72,4355.65,4356.27,171
2026.08.19,10:52,4356.28,4357.71,4355.61,4356.08,258
2026.08.19,10:53,4356.07,4357.02,4355.82,4355.90,220
2026.08.19,10:54,4355.88,4355.88,4355.08,4355.55,209
2026.08.19,10:55,4355.56,4356.21,4354.95,4355.34,199
2026.08.19,10:56,4355.35,4355.82,4354.95,4355.15,250
2026.08.19,10:57,4355.16,4356.33,4355.14,4355.18,283
2026.08.19,10:58,4355.11,4355.53,4355.02,4355.14,224
2026.08.19,10:59,4355.17,4355.56,4354.65,4354.81,224
2026.08.19,11:00,4355.03,4357.23,4354.14,4355.83,362
2026.08.19,11:01,4355.74,4355.74,4352.88,4353.10,344
2026.08.19,11:02,4353.14,4354.05,4351.19,4354.04,296
2026.08.19,11:03,4354.14,4354.83,4353.47,4354.27,281
2026.08.19,11:04,4354.26,4357.71,4353.89,4357.09,300
2026.08.19,11:05,4357.13,4358.04,4356.67,4356.67,320
2026.08.19,11:06,4356.65,4359.88,4356.21,4358.23,312
2026.08.19,11:07,4358.26,4360.20,4357.94,4358.18,293
2026.08.19,11:08,4358.17,4358.53,4356.71,4358.33,262
2026.08.19,11:09,4358.32,4361.07,4358.21,4360.85,230
2026.08.19,11:10,4360.92,4362.81,4360.92,4362.02,308
2026.08.19,11:11,4362.03,4362.05,4361.08,4361.54,238
2026.08.19,11:12,4361.53,4361.70,4360.66,4361.20,243
2026.08.19,11:13,4361.25,4361.53,4360.76,4360.97,207
2026.08.19,11:14,4360.99,4361.67,4360.03,4361.65,286
2026.08.19,11:15,4361.66,4362.49,4360.84,4361.03,203
2026.08.19,11:16,4361.04,4361.70,4360.46,4360.46,247
2026.08.19,11:17,4360.49,4361.51,4360.49,4361.46,229
2026.08.19,11:18,4361.59,4361.90,4360.95,4361.03,248
2026.08.19,11:19,4361.02,4361.17,4359.84,4359.92,213
2026.08.19,11:20,4359.87,4359.89,4358.63,4358.69,216
2026.08.19,11:21,4358.68,4358.70,4357.43,4357.91,233
2026.08.19,11:22,4358.03,4358.59,4357.87,4358.08,282
2026.08.19,11:23,4358.09,4358.28,4357.39,4358.18,220
2026.08.19,11:24,4358.36,4360.22,4357.72,4360.06,237
2026.08.19,11:25,4360.13,4361.00,4359.17,4359.57,265
2026.08.19,11:26,4359.56,4359.82,4359.19,4359.43,263
2026.08.19,11:27,4359.41,4359.75,4358.35,4358.86,254
2026.08.19,11:28,4358.85,4359.33,4358.26,4358.85,229
2026.08.19,11:29,4358.90,4360.96,4358.90,4360.96,266
2026.08.19,11:30,4360.94,4360.99,4359.08,4360.13,209
2026.08.19,11:31,4360.16,4361.29,4359.56,4360.55,289
2026.08.19,11:32,4360.42,4360.44,4357.35,4357.65,291
2026.08.19,11:33,4357.68,4357.93,4356.88,4357.11,297
2026.08.19,11:34,4357.31,4357.63,4356.96,4357.17,296
2026.08.19,11:35,4357.19,4357.62,4356.52,4357.49,253
2026.08.19,11:36,4357.55,4359.83,4357.53,4359.53,263
2026.08.19,11:37,4359.55,4360.89,4359.52,4360.89,242
2026.08.19,11:38,4360.88,4361.05,4360.10,4360.16,266
2026.08.19,11:39,4360.14,4360.57,4359.08,4360.07,222
2026.08.19,11:40,4360.06,4360.68,4359.40,4360.63,213
2026.08.19,11:41,4360.62,4361.62,4360.47,4361.55,217
2026.08.19,11:42,4361.57,4361.78,4360.69,4360.77,275
2026.08.19,11:43,4360.52,4362.41,4360.39,4362.32,241
2026.08.19,11:44,4362.25,4362.98,4362.08,4362.60,219
2026.08.19,11:45,4362.63,4363.21,4361.36,4361.97,224
2026.08.19,11:46,4361.82,4362.57,4361.82,4362.48,189
2026.08.19,11:47,4362.53,4362.53,4360.75,4361.87,187
2026.08.19,11:48,4361.86,4362.05,4361.45,4361.94,164
2026.08.19,11:49,4361.96,4362.22,4361.39,4361.64,146
2026.08.19,11:50,4361.68,4361.87,4360.34,4360.88,216
2026.08.19,11:51,4360.82,4360.82,4358.65,4360.27,230
2026.08.19,11:52,4360.23,4360.33,4358.79,4359.11,269
2026.08.19,11:53,4359.12,4359.67,4358.92,4358.99,152
2026.08.19,11:54,4359.00,4359.02,4358.28,4358.45,234
2026.08.19,11:55,4358.47,4358.60,4357.07,4357.15,287
2026.08.19,11:56,4357.17,4357.50,4355.53,4356.50,306
2026.08.19,11:57,4356.41,4356.67,4354.81,4354.88,248
2026.08.19,11:58,4354.97,4356.45,4354.89,4356.10,213
2026.08.19,11:59,4356.12,4356.44,4355.51,4355.60,181
2026.08.19,12:00,4355.58,4356.01,4355.30,4355.97,307
2026.08.19,12:01,4355.94,4355.94,4354.99,4355.15,274
2026.08.19,12:02,4355.32,4355.95,4354.99,4355.87,229
2026.08.19,12:03,4355.84,4358.43,4355.76,4358.43,268
2026.08.19,12:04,4358.44,4359.25,4358.25,4359.05,198
2026.08.19,12:05,4359.04,4359.78,4357.25,4357.46,264
2026.08.19,12:06,4357.47,4357.60,4355.38,4355.55,291
2026.08.19,12:07,4355.56,4357.31,4355.56,4356.77,184
2026.08.19,12:08,4356.78,4356.94,4356.07,4356.27,153
2026.08.19,12:09,4356.29,4356.71,4355.44,4355.86,242
2026.08.19,12:10,4355.87,4357.76,4355.69,4357.70,246
2026.08.19,12:11,4357.71,4357.81,4355.93,4356.16,260
2026.08.19,12:12,4356.17,4356.28,4355.47,4355.62,206
2026.08.19,12:13,4355.60,4356.52,4355.60,4355.70,168
2026.08.19,12:14,4355.74,4356.59,4355.49,4356.32,200
2026.08.19,12:15,4356.25,4356.68,4355.79,4355.86,238
2026.08.19,12:16,4355.85,4355.92,4354.32,4354.71,298
2026.08.19,12:17,4354.65,4355.44,4354.35,4354.48,226
2026.08.19,12:18,4354.43,4355.13,4354.06,4354.12,245
2026.08.19,12:19,4354.15,4355.27,4353.44,4355.25,259
2026.08.19,12:20,4355.26,4355.26,4353.49,4354.69,210
2026.08.19,12:21,4354.73,4355.47,4354.50,4355.25,241
2026.08.19,12:22,4355.20,4355.92,4355.20,4355.90,217
2026.08.19,12:23,4355.89,4356.40,4354.91,4355.07,247
2026.08.19,12:24,4354.99,4357.06,4354.99,4356.00,300
2026.08.19,12:25,4356.01,4357.46,4355.95,4357.41,171
2026.08.19,12:26,4357.42,4357.45,4355.32,4355.39,160
2026.08.19,12:27,4355.40,4355.40,4354.04,4354.83,224
2026.08.19,12:28,4354.81,4355.70,4354.08,4355.66,289
2026.08.19,12:29,4355.70,4356.65,4355.35,4356.63,214
2026.08.19,12:30,4356.55,4357.70,4355.53,4356.58,238
2026.08.19,12:31,4356.60,4357.57,4356.39,4356.94,221
2026.08.19,12:32,4356.99,4357.06,4356.22,4356.83,192
2026.08.19,12:33,4356.76,4356.97,4355.41,4355.96,232
2026.08.19,12:34,4355.97,4356.99,4355.85,4356.49,191
2026.08.19,12:35,4356.60,4357.26,4356.40,4356.88,179
2026.08.19,12:36,4356.89,4357.18,4355.98,4356.73,213
2026.08.19,12:37,4356.76,4357.27,4356.47,4356.76,182
2026.08.19,12:38,4356.79,4357.02,4356.30,4356.92,163
2026.08.19,12:39,4356.93,4357.16,4356.56,4356.95,171
2026.08.19,12:40,4356.91,4357.67,4356.62,4357.09,227
2026.08.19,12:41,4357.11,4360.17,4356.95,4360.11,317
2026.08.19,12:42,4360.18,4361.02,4358.99,4359.06,250
2026.08.19,12:43,4359.05,4359.37,4358.69,4358.70,189
2026.08.19,12:44,4358.71,4359.77,4358.68,4358.76,184
2026.08.19,12:45,4358.75,4358.92,4358.32,4358.52,162
2026.08.19,12:46,4358.51,4359.73,4358.47,4359.47,194
2026.08.19,12:47,4359.46,4359.50,4358.37,4359.50,202
2026.08.19,12:48,4359.51,4359.80,4359.39,4359.74,124
2026.08.19,12:49,4359.84,4361.04,4359.60,4360.52,197
2026.08.19,12:50,4360.55,4360.95,4359.46,4359.49,270
2026.08.19,12:51,4359.48,4359.50,4358.42,4358.42,221
2026.08.19,12:52,4358.44,4359.39,4358.36,4358.81,172
2026.08.19,12:53,4358.78,4359.39,4358.08,4359.13,222
2026.08.19,12:54,4359.07,4359.80,4358.63,4359.80,257
2026.08.19,12:55,4359.77,4361.53,4359.77,4361.27,258
2026.08.19,12:56,4361.29,4361.31,4359.53,4359.53,251
2026.08.19,12:57,4359.54,4360.20,4359.06,4360.10,244
2026.08.19,12:58,4360.08,4360.99,4360.08,4360.96,176
2026.08.19,12:59,4360.94,4361.99,4360.94,4361.94,198
2026.08.19,13:00,4362.10,4363.26,4361.39,4361.39,289
2026.08.19,13:01,4361.37,4361.45,4360.27,4361.06,271
2026.08.19,13:02,4361.03,4361.34,4360.61,4360.94,260
2026.08.19,13:03,4360.95,4361.36,4360.41,4360.64,259
2026.08.19,13:04,4360.62,4361.02,4359.81,4360.06,289
2026.08.19,13:05,4360.08,4360.56,4359.64,4360.52,311
2026.08.19,13:06,4360.43,4361.11,4360.38,4360.95,228
2026.08.19,13:07,4360.94,4362.46,4360.76,4362.40,227
2026.08.19,13:08,4362.41,4362.78,4361.84,4362.28,247
2026.08.19,13:09,4362.35,4362.41,4361.28,4361.48,218
2026.08.19,13:10,4361.51,4361.82,4361.14,4361.55,246
2026.08.19,13:11,4361.54,4361.94,4360.91,4361.66,190
2026.08.19,13:12,4361.62,4363.13,4361.62,4362.43,214
2026.08.19,13:13,4362.94,4364.18,4362.28,4364.00,216
2026.08.19,13:14,4363.77,4364.19,4363.24,4363.72,244
2026.08.19,13:15,4363.78,4364.31,4363.58,4363.96,166
2026.08.19,13:16,4363.97,4366.09,4363.68,4365.36,252
2026.08.19,13:17,4365.37,4368.01,4364.96,4367.93,253
2026.08.19,13:18,4367.91,4367.94,4367.04,4367.49,270
2026.08.19,13:19,4367.66,4368.60,4367.17,4368.42,255
2026.08.19,13:20,4368.40,4368.81,4367.07,4367.91,283
2026.08.19,13:21,4367.72,4368.09,4366.80,4367.98,228
2026.08.19,13:22,4367.97,4368.56,4367.85,4368.18,188
2026.08.19,13:23,4368.19,4369.08,4367.76,4368.34,204
2026.08.19,13:24,4368.33,4368.81,4368.01,4368.42,217
2026.08.19,13:25,4368.27,4368.44,4367.03,4367.03,245
2026.08.19,13:26,4367.06,4367.70,4367.06,4367.47,217
2026.08.19,13:27,4367.44,4367.45,4366.61,4367.27,181
2026.08.19,13:28,4367.33,4368.67,4367.28,4368.60,175
2026.08.19,13:29,4368.61,4368.91,4368.37,4368.62,193
2026.08.19,13:30,4368.82,4369.52,4368.31,4368.39,225
2026.08.19,13:31,4368.35,4368.35,4367.34,4367.68,167
2026.08.19,13:32,4367.67,4367.68,4366.74,4366.88,193
2026.08.19,13:33,4367.04,4367.11,4366.62,4366.67,165
2026.08.19,13:34,4366.60,4367.33,4365.86,4366.92,202
2026.08.19,13:35,4367.00,4367.50,4366.72,4367.36,168
2026.08.19,13:36,4367.35,4367.72,4367.03,4367.30,151
2026.08.19,13:37,4367.32,4367.62,4366.93,4367.24,185
2026.08.19,13:38,4367.27,4367.47,4366.90,4366.90,163
2026.08.19,13:39,4366.91,4367.15,4366.56,4366.98,172
2026.08.19,13:40,4366.93,4366.94,4366.44,4366.56,172
2026.08.19,13:41,4366.61,4368.40,4366.61,4368.29,212
2026.08.19,13:42,4368.30,4368.50,4367.47,4367.62,145
2026.08.19,13:43,4367.63,4368.14,4367.24,4368.14,156
2026.08.19,13:44,4368.16,4368.19,4367.63,4367.89,245
2026.08.19,13:45,4367.95,4368.12,4367.64,4367.71,233
2026.08.19,13:46,4367.62,4368.07,4367.21,4368.07,196
2026.08.19,13:47,4368.06,4368.51,4367.94,4368.46,166
2026.08.19,13:48,4368.48,4369.51,4368.21,4369.43,173
2026.08.19,13:49,4369.31,4369.31,4367.89,4368.55,183
2026.08.19,13:50,4368.56,4368.84,4367.86,4368.09,217
2026.08.19,13:51,4368.08,4368.50,4367.54,4367.61,216
2026.08.19,13:52,4367.60,4368.15,4367.18,4367.49,231
2026.08.19,13:53,4367.48,4367.59,4367.12,4367.33,187
2026.08.19,13:54,4367.27,4367.48,4367.12,4367.40,138
2026.08.19,13:55,4367.37,4367.74,4367.07,4367.20,177
2026.08.19,13:56,4367.18,4367.27,4366.48,4367.07,165
2026.08.19,13:57,4367.05,4367.24,4366.57,4366.60,172
2026.08.19,13:58,4366.58,4366.89,4366.26,4366.58,181
2026.08.19,13:59,4366.59,4367.91,4366.46,4367.38,150
2026.08.19,14:00,4367.41,4369.03,4367.41,4368.70,284
2026.08.19,14:01,4368.79,4370.65,4368.79,4369.83,281
2026.08.19,14:02,4369.86,4370.68,4369.86,4370.56,242
2026.08.19,14:03,4370.53,4371.03,4369.62,4370.03,263
2026.08.19,14:04,4370.12,4370.97,4369.63,4370.93,208
2026.08.19,14:05,4370.92,4372.89,4370.60,4372.61,277
2026.08.19,14:06,4372.62,4373.70,4372.59,4373.12,281
2026.08.19,14:07,4373.03,4373.19,4371.88,4371.93,264
2026.08.19,14:08,4371.96,4372.85,4371.47,4372.83,238
2026.08.19,14:09,4372.78,4372.78,4370.63,4371.16,280
2026.08.19,14:10,4371.21,4372.57,4370.76,4372.27,256
2026.08.19,14:11,4372.25,4372.96,4372.02,4372.35,222
2026.08.19,14:12,4372.34,4374.11,4372.03,4373.81,250
2026.08.19,14:13,4373.48,4374.00,4373.26,4373.33,286
2026.08.19,14:14,4373.34,4373.90,4373.26,4373.30,197
2026.08.19,14:15,4373.29,4374.11,4372.55,4372.55,224
2026.08.19,14:16,4372.43,4372.68,4371.09,4371.30,269
2026.08.19,14:17,4371.31,4371.35,4369.62,4369.89,244
2026.08.19,14:18,4369.95,4370.64,4369.69,4370.29,260
2026.08.19,14:19,4370.27,4370.89,4370.25,4370.51,215
2026.08.19,14:20,4370.44,4370.87,4369.53,4369.91,201
2026.08.19,14:21,4369.92,4370.08,4368.81,4369.66,250
2026.08.19,14:22,4369.63,4371.26,4369.35,4371.21,293
2026.08.19,14:23,4371.22,4371.22,4370.23,4370.50,260
2026.08.19,14:24,4370.49,4371.29,4370.44,4370.88,257
2026.08.19,14:25,4370.90,4372.65,4370.52,4371.98,290
2026.08.19,14:26,4371.87,4372.94,4371.40,4372.93,215
2026.08.19,14:27,4372.87,4373.39,4372.52,4372.56,227
2026.08.19,14:28,4372.55,4372.60,4371.17,4371.58,253
2026.08.19,14:29,4371.57,4371.68,4370.80,4370.89,185
2026.08.19,14:30,4370.96,4371.77,4369.75,4370.41,284
2026.08.19,14:31,4370.42,4370.58,4369.57,4370.08,263
2026.08.19,14:32,4370.10,4370.23,4368.78,4369.87,230
2026.08.19,14:33,4369.89,4370.03,4369.10,4369.88,233
2026.08.19,14:34,4369.83,4369.83,4368.37,4369.22,228
2026.08.19,14:35,4369.23,4369.76,4368.67,4369.43,240
2026.08.19,14:36,4369.39,4369.45,4368.19,4368.25,247
2026.08.19,14:37,4368.37,4368.95,4368.18,4368.33,249
2026.08.19,14:38,4368.42,4369.10,4367.62,4369.06,273
2026.08.19,14:39,4369.07,4369.17,4366.81,4367.90,269
2026.08.19,14:40,4367.92,4367.99,4366.35,4366.44,237
2026.08.19,14:41,4366.46,4366.61,4364.13,4364.26,241
2026.08.19,14:42,4364.11,4365.07,4363.26,4363.42,225
2026.08.19,14:43,4363.40,4363.85,4363.13,4363.51,233
2026.08.19,14:44,4363.54,4364.91,4363.42,4363.55,225
2026.08.19,14:45,4363.54,4365.05,4363.40,4364.71,254
2026.08.19,14:46,4364.73,4365.67,4364.60,4365.04,187
2026.08.19,14:47,4365.08,4366.60,4365.08,4366.34,234
2026.08.19,14:48,4366.33,4366.50,4365.49,4366.49,226
2026.08.19,14:49,4366.48,4367.51,4366.43,4367.33,263
2026.08.19,14:50,4367.35,4367.35,4365.80,4365.83,197
2026.08.19,14:51,4365.89,4365.91,4363.69,4363.83,258
2026.08.19,14:52,4363.81,4364.35,4363.54,4363.88,244
2026.08.19,14:53,4363.95,4365.29,4363.95,4365.27,228
2026.08.19,14:54,4365.30,4366.54,4365.27,4365.72,260
2026.08.19,14:55,4365.71,4366.31,4365.36,4365.44,241
2026.08.19,14:56,4365.48,4366.13,4365.37,4365.75,204
2026.08.19,14:57,4365.57,4366.28,4365.40,4365.72,213
2026.08.19,14:58,4365.77,4365.92,4364.63,4365.68,169
2026.08.19,14:59,4365.71,4365.95,4364.15,4364.71,160
2026.08.19,15:00,4364.70,4365.37,4363.97,4364.71,305
2026.08.19,15:01,4364.96,4365.07,4363.40,4364.08,287
2026.08.19,15:02,4364.00,4364.38,4362.64,4363.06,303
2026.08.19,15:03,4363.07,4363.60,4361.89,4363.27,276
2026.08.19,15:04,4363.15,4364.06,4363.01,4363.89,270
2026.08.19,15:05,4363.91,4365.57,4363.33,4364.86,277
2026.08.19,15:06,4364.90,4365.71,4364.59,4364.74,339
2026.08.19,15:07,4364.73,4366.76,4364.52,4366.22,298
2026.08.19,15:08,4366.23,4367.58,4365.60,4367.30,272
2026.08.19,15:09,4367.31,4368.27,4366.57,4367.82,295
2026.08.19,15:10,4367.84,4367.88,4366.75,4367.28,293
2026.08.19,15:11,4367.29,4369.69,4367.29,4369.69,293
2026.08.19,15:12,4369.70,4370.64,4367.76,4368.24,331
2026.08.19,15:13,4368.21,4368.82,4367.79,4368.67,263
2026.08.19,15:14,4368.68,4369.09,4368.13,4368.29,292
2026.08.19,15:15,4368.27,4370.06,4368.08,4368.74,314
2026.08.19,15:16,4368.72,4369.51,4366.82,4369.47,286
2026.08.19,15:17,4369.48,4370.14,4367.35,4367.42,225
2026.08.19,15:18,4367.38,4367.42,4365.96,4366.44,236
2026.08.19,15:19,4366.45,4368.32,4366.45,4368.07,292
2026.08.19,15:20,4368.20,4371.63,4367.78,4370.70,391
2026.08.19,15:21,4370.72,4373.38,4370.20,4371.75,318
2026.08.19,15:22,4371.84,4373.52,4371.35,4372.53,300
2026.08.19,15:23,4372.20,4372.77,4369.51,4369.56,344
2026.08.19,15:24,4369.44,4371.14,4369.06,4370.35,293
2026.08.19,15:25,4370.31,4370.80,4369.60,4369.69,303
2026.08.19,15:26,4369.70,4369.71,4367.98,4368.66,308
2026.08.19,15:27,4368.63,4369.08,4367.87,4368.89,246
2026.08.19,15:28,4368.93,4371.22,4368.86,4370.08,226
2026.08.19,15:29,4370.07,4370.34,4368.27,4369.41,299
2026.08.19,15:30,4369.34,4371.03,4368.57,4369.28,303
2026.08.19,15:31,4369.25,4370.85,4368.70,4370.50,301
2026.08.19,15:32,4370.49,4374.16,4370.22,4373.68,366
2026.08.19,15:33,4373.76,4379.37,4373.48,4379.36,498
2026.08.19,15:34,4379.44,4384.84,4378.61,4384.42,524
2026.08.19,15:35,4384.32,4388.38,4382.82,4387.22,505
2026.08.19,15:36,4387.26,4396.46,4386.15,4395.92,530
2026.08.19,15:37,4395.87,4408.81,4394.96,4406.89,560
2026.08.19,15:38,4406.46,4415.54,4404.81,4415.10,534
2026.08.19,15:39,4415.32,4416.60,4411.67,4412.48,547
2026.08.19,15:40,4412.20,4417.17,4409.34,4416.50,546
2026.08.19,15:41,4416.40,4420.62,4409.66,4409.81,519
2026.08.19,15:42,4409.83,4415.83,4408.50,4412.28,472
2026.08.19,15:43,4412.23,4412.53,4406.53,4410.83,520
2026.08.19,15:44,4411.05,4417.49,4410.20,4417.49,502
2026.08.19,15:45,4417.58,4420.23,4414.43,4420.23,522
2026.08.19,15:46,4419.61,4421.19,4413.47,4414.52,504
2026.08.19,15:47,4414.48,4415.66,4411.46,4412.53,462
2026.08.19,15:48,4412.52,4419.40,4412.32,4417.91,474
2026.08.19,15:49,4417.80,4420.24,4416.23,4417.41,418
2026.08.19,15:50,4417.21,4417.61,4412.08,4413.57,453
2026.08.19,15:51,4413.55,4422.03,4411.44,4421.62,480
2026.08.19,15:52,4421.75,4423.52,4418.00,4418.29,455
2026.08.19,15:53,4418.33,4425.44,4417.09,4424.60,477
2026.08.19,15:54,4424.20,4428.77,4421.52,4428.61,450
2026.08.19,15:55,4428.44,4431.58,4427.42,4427.47,470
2026.08.19,15:56,4427.40,4440.13,4426.37,4437.89,485
2026.08.19,15:57,4437.78,4442.37,4436.09,4438.90,506
2026.08.19,15:58,4440.48,4442.10,4435.42,4436.09,471
2026.08.19,15:59,4435.87,4440.64,4435.87,4438.76,513
2026.08.19,16:00,4438.79,4440.29,4433.83,4437.21,540
2026.08.19,16:01,4437.23,4441.97,4437.23,4439.68,552
2026.08.19,16:02,4439.67,4440.33,4430.90,4430.96,502
2026.08.19,16:03,4431.00,4432.81,4428.26,4431.08,482
2026.08.19,16:04,4431.06,4431.06,4426.98,4427.63,451
2026.08.19,16:05,4427.68,4431.27,4427.31,4427.31,501
2026.08.19,16:06,4427.40,4427.96,4424.48,4427.96,462
2026.08.19,16:07,4427.99,4432.55,4426.69,4432.18,480
2026.08.19,16:08,4432.25,4436.84,4431.93,4436.57,482
2026.08.19,16:09,4436.65,4441.40,4436.65,4441.40,503
2026.08.19,16:10,4441.51,4445.34,4441.16,4444.06,490
2026.08.19,16:11,4444.49,4445.22,4441.29,4443.34,465
2026.08.19,16:12,4443.14,4458.55,4443.14,4455.52,509
2026.08.19,16:13,4455.54,4460.34,4453.86,4458.89,493
2026.08.19,16:14,4458.75,4460.91,4455.30,4456.19,464
2026.08.19,16:15,4456.63,4461.31,4455.82,4458.69,480
2026.08.19,16:16,4458.66,4461.41,4456.41,4459.54,478
2026.08.19,16:17,4459.53,4464.30,4459.01,4463.34,460
2026.08.19,16:18,4463.17,4463.31,4456.87,4459.91,425
2026.08.19,16:19,4460.07,4463.32,4459.65,4460.28,425
2026.08.19,16:20,4460.32,4462.90,4458.63,4458.88,424
2026.08.19,16:21,4458.85,4459.47,4456.50,4458.44,405
2026.08.19,16:22,4458.45,4459.74,4455.06,4457.01,426
2026.08.19,16:23,4457.31,4461.93,4457.15,4459.41,420
2026.08.19,16:24,4459.43,4461.04,4458.15,4459.22,450
2026.08.19,16:25,4459.04,4460.31,4457.57,4459.67,428
2026.08.19,16:26,4459.74,4461.16,4458.58,4459.51,415
2026.08.19,16:27,4459.54,4459.80,4455.23,4455.94,406
2026.08.19,16:28,4455.98,4460.05,4455.41,4459.05,415
2026.08.19,16:29,4459.19,4460.74,4457.22,4458.10,426
2026.08.19,16:30,4458.26,4461.10,4455.36,4456.52,561
2026.08.19,16:31,4456.72,4465.39,4456.26,4461.87,536
2026.08.19,16:32,4461.86,4464.74,4461.58,4463.83,507
2026.08.19,16:33,4463.88,4466.11,4463.18,4465.66,506
2026.08.19,16:34,4465.69,4465.84,4458.27,4461.89,486
2026.08.19,16:35,4461.87,4462.14,4451.53,4452.23,538
2026.08.19,16:36,4452.09,4452.34,4442.25,4443.49,550
2026.08.19,16:37,4443.52,4454.11,4442.91,4453.23,535
2026.08.19,16:38,4452.89,4456.62,4452.42,4455.72,530
2026.08.19,16:39,4455.79,4458.22,4453.61,4455.74,517
2026.08.19,16:40,4455.93,4457.60,4453.55,4456.18,519
2026.08.19,16:41,4456.27,4460.12,4453.41,4454.60,512
2026.08.19,16:42,4454.69,4457.38,4449.84,4456.03,506
2026.08.19,16:43,4456.25,4464.11,4456.01,4463.67,510
2026.08.19,16:44,4463.47,4464.61,4460.32,4460.90,480
2026.08.19,16:45,4460.76,4461.60,4457.99,4458.02,463
2026.08.19,16:46,4458.04,4461.98,4456.80,4458.28,489
2026.08.19,16:47,4458.26,4459.29,4454.71,4455.06,492
2026.08.19,16:48,4454.71,4455.37,4451.84,4453.60,518
2026.08.19,16:49,4453.46,4454.07,4449.65,4450.23,500
2026.08.19,16:50,4450.20,4451.01,4446.65,4447.18,522
2026.08.19,16:51,4447.43,4448.00,4445.18,4447.94,496
2026.08.19,16:52,4448.00,4454.45,4446.35,4453.70,497
2026.08.19,16:53,4454.13,4456.33,4451.55,4453.81,477
2026.08.19,16:54,4453.85,4454.14,4451.45,4453.53,468
2026.08.19,16:55,4453.54,4455.26,4451.47,4454.79,494
2026.08.19,16:56,4454.84,4456.50,4452.15,4455.19,504
2026.08.19,16:57,4455.18,4460.25,4454.53,4457.99,481
2026.08.19,16:58,4458.05,4463.33,4457.65,4461.50,469
2026.08.19,16:59,4461.52,4463.10,4459.39,4459.89,454
2026.08.19,17:00,4459.81,4461.89,4455.38,4456.55,486
2026.08.19,17:01,4456.40,4458.21,4456.21,4457.78,449
2026.08.19,17:02,4457.42,4460.54,4456.37,4457.20,480
2026.08.19,17:03,4457.21,4461.76,4456.97,4461.74,481
2026.08.19,17:04,4461.63,4462.51,4460.13,4460.52,481
2026.08.19,17:05,4460.54,4464.81,4460.52,4460.79,500
2026.08.19,17:06,4460.81,4466.43,4460.78,4465.70,485
2026.08.19,17:07,4465.71,4471.29,4465.71,4468.23,518
2026.08.19,17:08,4468.20,4470.80,4467.57,4468.20,490
2026.08.19,17:09,4468.25,4472.15,4467.16,4471.97,478
2026.08.19,17:10,4471.90,4473.73,4470.33,4471.85,509
2026.08.19,17:11,4471.87,4473.29,4469.71,4470.31,488
2026.08.19,17:12,4470.32,4474.48,4469.20,4473.82,467
2026.08.19,17:13,4473.81,4475.57,4473.11,4474.81,485
2026.08.19,17:14,4474.59,4474.59,4472.16,4473.78,461
2026.08.19,17:15,4473.80,4475.20,4471.69,4474.12,504
2026.08.19,17:16,4473.77,4478.19,4472.55,4477.97,488
2026.08.19,17:17,4477.92,4477.92,4472.37,4473.28,476
2026.08.19,17:18,4473.39,4476.27,4472.49,4472.95,486
2026.08.19,17:19,4472.98,4473.50,4471.31,4471.31,456
2026.08.19,17:20,4471.29,4474.91,4470.17,4473.48,493
2026.08.19,17:21,4473.57,4477.29,4472.95,4477.15,481
2026.08.19,17:22,4477.16,4478.27,4472.97,4474.24,493
2026.08.19,17:23,4474.22,4478.21,4473.06,4478.04,502
2026.08.19,17:24,4478.07,4480.46,4476.79,4478.52,494
2026.08.19,17:25,4478.59,4482.54,4477.42,4481.92,492
2026.08.19,17:26,4482.18,4484.98,4482.18,4484.69,431
2026.08.19,17:27,4484.71,4487.93,4484.36,4486.67,460
2026.08.19,17:28,4486.53,4487.91,4485.86,4486.65,444
2026.08.19,17:29,4486.56,4487.10,4484.94,4485.70,460
2026.08.19,17:30,4485.73,4489.39,4484.79,4487.97,493
2026.08.19,17:31,4487.80,4490.82,4487.75,4490.40,488
2026.08.19,17:32,4490.41,4491.34,4487.31,4488.68,457
2026.08.19,17:33,4488.69,4489.22,4486.78,4487.40,451
2026.08.19,17:34,4487.43,4488.02,4483.94,4487.57,424
2026.08.19,17:35,4487.58,4490.98,4486.81,4490.47,438
2026.08.19,17:36,4490.48,4491.56,4488.69,4488.80,434
2026.08.19,17:37,4488.74,4489.80,4486.65,4488.57,440
2026.08.19,17:38,4488.56,4490.91,4487.89,4489.80,428
2026.08.19,17:39,4489.82,4490.83,4487.26,4489.14,421
2026.08.19,17:40,4489.15,4491.18,4487.41,4489.16,459
2026.08.19,17:41,4489.40,4494.44,4489.39,4492.88,408
2026.08.19,17:42,4492.77,4495.44,4492.22,4493.97,412
2026.08.19,17:43,4493.98,4498.65,4491.41,4491.89,459
2026.08.19,17:44,4491.99,4491.99,4488.87,4489.49,450
2026.08.19,17:45,4489.50,4489.64,4485.61,4486.42,455
2026.08.19,17:46,4486.40,4486.40,4482.82,4483.45,415
2026.08.19,17:47,4483.48,4483.76,4479.25,4480.43,448
2026.08.19,17:48,4480.44,4482.17,4479.58,4480.80,454
2026.08.19,17:49,4480.79,4481.00,4478.18,4479.33,417
2026.08.19,17:50,4479.38,4481.04,4478.44,4480.18,412
2026.08.19,17:51,4480.39,4484.50,4480.28,4483.84,441
2026.08.19,17:52,4483.93,4486.68,4483.93,4484.82,399
2026.08.19,17:53,4484.81,4486.74,4483.00,4483.01,422
2026.08.19,17:54,4483.04,4485.98,4482.25,4485.60,420
2026.08.19,17:55,4485.85,4488.60,4485.17,4486.70,389
2026.08.19,17:56,4486.72,4489.56,4486.57,4488.97,376
2026.08.19,17:57,4488.99,4489.26,4486.67,4488.03,437
2026.08.19,17:58,4488.02,4489.56,4487.46,4489.29,378
2026.08.19,17:59,4489.30,4489.37,4487.94,4488.22,374
2026.08.19,18:00,4488.23,4488.38,4482.97,4483.86,466
2026.08.19,18:01,4483.91,4487.10,4483.75,4484.84,419
2026.08.19,18:02,4484.82,4485.37,4481.17,4481.79,371
