dir,t_in,t_out,entry,exit,lots,move,pnl,reason,bal,p10,p30,h4body,mfe,mae,_b
-1,2025-07-25 10:10:00,2025-07-25 12:20:00,3357.23,3348.3500000000004,0.01,8.879999999999654,8.879999999999654,TRAIL,10008.88,0.7020689359677238,0.22498900739613534,0.7333149222130121,13.879999999999654,-3.1700000000000728,Q2
-1,2025-07-25 13:10:00,2025-07-25 17:10:00,3345.74,3342.5600000000004,0.01,3.1799999999993815,3.1799999999993815,TIME,10012.059999999998,0.7002903825568784,0.2411169632799941,0.9669064748201139,8.9699999999998,-2.1400000000003274,Q3
-1,2025-07-25 23:00:00,2025-07-28 01:00:00,3337.69,3321.8300000000004,0.01,15.859999999999673,15.859999999999673,TIME,10027.919999999998,0.8921743177205232,0.5966009213211758,0.6653465346534823,15.859999999999673,-1.6700000000000728,Q2
-1,2025-07-28 20:00:00,2025-07-29 01:00:00,3312.15,3315.23,0.01,-3.0799999999999272,-3.0799999999999272,TIME,10024.839999999998,0.7627095802068706,0.2811720543400395,1.0074580484772757,3.049999999999727,-6.980000000000018,Q3
-1,2025-07-29 06:05:00,2025-07-29 10:05:00,3318.13,3318.2200000000003,0.01,-0.09000000000014552,-0.09000000000014552,TIME,10024.749999999998,0.7583383947268906,0.2831095739755475,0.22740261693486077,8.759999999999764,-4.619999999999891,Q1 low
-1,2025-07-30 16:10:00,2025-07-30 16:45:00,3311.96,3306.19,0.01,5.769999999999982,5.769999999999982,TRAIL,10030.519999999999,0.7030381967236992,0.20869673441760256,1.3053951330273101,10.769999999999982,-2.550000000000182,Q4 high
-1,2025-07-30 16:50:00,2025-07-30 18:45:00,3306.08,3294.0600000000004,0.01,12.019999999999527,12.019999999999527,TRAIL,10042.539999999997,0.7170946677519333,0.23222710923620782,1.3053951330273101,17.019999999999527,-2.5900000000001455,Q4 high
-1,2025-07-30 19:35:00,2025-07-30 21:55:00,3294.35,3284.84,0.01,9.509999999999764,9.509999999999764,TRAIL,10052.049999999997,0.7048770425639836,0.21275541206623524,1.3053951330273101,14.509999999999764,-10.610000000000127,Q4 high
1,2025-08-01 20:20:00,2025-08-04 01:00:00,3347.82,3365.6,0.01,17.779999999999745,17.779999999999745,TIME,10069.829999999998,0.7095184112503206,0.3066149678584624,0.2964052399356905,17.779999999999745,-1.900000000000091,Q1 low
1,2025-08-04 19:10:00,2025-08-04 23:10:00,3376.4100000000003,3375.12,0.01,-1.2900000000004184,-1.2900000000004184,TIME,10068.539999999997,0.7047950526100402,0.22385812941985167,0.5077523875807105,1.7499999999995453,-5.870000000000346,Q1 low
1,2025-08-05 06:55:00,2025-08-05 10:55:00,3375.11,3371.96,0.01,-3.150000000000091,-3.150000000000091,TIME,10065.389999999998,0.7940690018270022,0.31351532108271624,0.3349630078310961,0.36999999999989086,-9.400000000000091,Q1 low
1,2025-08-05 20:40:00,2025-08-06 01:00:00,3382.6000000000004,3381.25,0.01,-1.3500000000003638,-1.3500000000003638,TIME,10064.039999999997,0.7800217729073267,0.31102972949801755,0.902289269304294,0.11999999999943611,-4.460000000000491,Q3
1,2025-08-06 07:40:00,2025-08-06 11:40:00,3375.67,3366.95,0.01,-8.720000000000255,-8.720000000000255,TIME,10055.319999999996,0.7307219442694894,0.3048053010769363,0.16311831373794453,2.9400000000000546,-10.7800000000002,Q1 low
1,2025-08-06 21:45:00,2025-08-07 01:45:00,3372.9500000000003,3371.93,0.01,-1.0200000000004366,-1.0200000000004366,TIME,10054.299999999996,0.8040626661209156,0.32248866065773635,0.6727344677483204,1.7099999999995816,-5.880000000000109,Q2
1,2025-08-07 09:00:00,2025-08-07 11:00:00,3375.8300000000004,3392.47,0.01,16.639999999999418,16.639999999999418,TRAIL,10070.939999999995,0.7408692857269004,0.2834170883935149,0.4160649280897377,21.639999999999418,-0.8900000000003274,Q1 low
-1,2025-08-11 21:15:00,2025-08-12 01:15:00,3354.22,3346.3,0.01,7.919999999999618,7.919999999999618,TIME,10078.859999999995,0.7729756108909552,0.2788845579582849,0.6215393330028552,11.849999999999454,-3.0900000000006003,Q2
-1,2025-08-14 13:50:00,2025-08-14 15:35:00,3352.93,3347.11,0.01,5.819999999999709,5.819999999999709,TRAIL,10084.679999999995,0.8090366367370377,0.3929184385614562,0.9043746876844874,10.819999999999709,-5.800000000000182,Q3
-1,2025-08-14 15:40:00,2025-08-14 17:15:00,3350.32,3340.27,0.01,10.050000000000182,10.050000000000182,TRAIL,10094.729999999996,0.7676354093819548,0.3859672556841953,0.9043746876844874,15.699999999999818,-6.519999999999982,Q3
-1,2025-08-14 21:05:00,2025-08-15 01:05:00,3336.49,3336.9100000000003,0.01,-0.4200000000005275,-0.4200000000005275,TIME,10094.309999999996,0.7261952702585353,0.2462927956980193,0.9549625745337105,1.699999999999818,-4.850000000000364,Q3
-1,2025-08-18 21:15:00,2025-08-19 01:15:00,3332.98,3333.2000000000003,0.01,-0.22000000000025466,-0.22000000000025466,TIME,10094.089999999997,0.7188392313236642,0.28911171807699454,0.7890717435730636,2.4400000000000546,-1.6400000000003274,Q2
-1,2025-08-19 20:00:00,2025-08-20 01:00:00,3317.44,3316.52,0.01,0.9200000000000728,0.9200000000000728,TIME,10095.009999999997,0.7325847981425045,0.2605010159361895,1.397822204297835,2.25,-3.099999999999909,Q4 high
-1,2025-08-22 09:30:00,2025-08-22 13:30:00,3327.5,3330.73,0.01,-3.230000000000018,-3.230000000000018,TIME,10091.779999999997,0.7551601839353899,0.2719949418727171,1.091621754042315,1.7999999999997272,-7.860000000000127,Q3
-1,2025-08-22 18:50:00,2025-08-22 22:50:00,3368.48,3371.05,0.01,-2.5700000000001637,-2.5700000000001637,TIME,10089.209999999997,0.9475432256138632,0.7461494130229702,0.49909194861104067,0.8299999999999272,-7.3400000000001455,Q1 low
1,2025-08-22 22:50:00,2025-08-25 01:00:00,3371.05,3371.9,0.01,0.849999999999909,0.849999999999909,TIME,10090.059999999998,0.9973258288026311,0.9851589275145459,3.3833452979180993,2.5799999999999272,-0.900000000000091,Q4 high
1,2025-08-25 21:15:00,2025-08-26 01:15:00,3372.51,3365.18,0.01,-7.330000000000382,-7.330000000000382,TIME,10082.729999999998,0.7998636494526259,0.328362348926441,0.7026500811248246,0.7399999999997817,-8.400000000000091,Q2
1,2025-08-26 05:05:00,2025-08-26 09:05:00,3377.9100000000003,3375.68,0.01,-2.230000000000473,-2.230000000000473,TIME,10080.499999999996,0.726097959577325,0.23502847143527944,1.251030875992973,1.1499999999996362,-8.070000000000164,Q3
1,2025-08-27 14:55:00,2025-08-27 18:55:00,3377.63,3387.08,0.01,9.449999999999818,9.449999999999818,TIME,10089.949999999997,0.7458564980420385,0.27663185819462677,0.7058391479983765,12.759999999999764,-3.3299999999999272,Q2
1,2025-08-27 22:05:00,2025-08-28 02:05:00,3395.75,3398.13,0.01,2.380000000000109,2.380000000000109,TIME,10092.329999999998,0.7437325546439728,0.276542054595895,0.9485094850947118,3.0100000000002183,-1.7300000000000182,Q3
1,2025-08-28 13:30:00,2025-08-28 15:30:00,3397.03,3403.68,0.01,6.649999999999636,6.649999999999636,TRAIL,10098.979999999998,0.7233282557602109,0.22854348040664002,0.8203963431945006,11.649999999999636,-1.8700000000003456,Q2
1,2025-08-28 20:00:00,2025-08-29 01:00:00,3415.77,3417.34,0.01,1.5700000000001637,1.5700000000001637,TIME,10100.549999999997,0.7635771507701871,0.2954890003493209,1.374651810584897,7.360000000000127,-1.300000000000182,Q4 high
1,2025-08-29 20:00:00,2025-09-01 01:00:00,3449.42,3446.46,0.01,-2.9600000000000364,-2.9600000000000364,TIME,10097.589999999997,0.929636132659091,0.6090123415326368,2.464331896551652,4.5,-8.5,Q4 high
1,2025-09-01 08:05:00,2025-09-01 09:50:00,3477.23,3484.48,0.01,7.25,7.25,TRAIL,10104.839999999997,0.9186484813826646,0.6158540229028677,2.0020231745446835,12.670000000000073,-2.9600000000000364,Q4 high
1,2025-09-01 10:55:00,2025-09-01 14:55:00,3475.3300000000004,3470.3,0.01,-5.0300000000002,-5.0300000000002,TIME,10099.809999999996,0.9751024471590344,0.8019725465823087,2.0020231745446835,4.569999999999709,-9.0300000000002,Q4 high
1,2025-09-02 08:00:00,2025-09-02 10:20:00,3496.98,3481.98,0.01,-15.0,-15.0,SL,10084.809999999996,0.7158996093262315,0.23074228201660735,1.0607529208134596,0.8800000000001091,-16.860000000000127,Q3
1,2025-09-02 11:40:00,2025-09-02 15:15:00,3478.9700000000003,3489.1,0.01,10.129999999999654,10.129999999999654,TRAIL,10094.939999999995,0.9154524101441305,0.605441229157103,1.0607529208134596,15.129999999999654,-4.110000000000127,Q3
1,2025-09-02 20:00:00,2025-09-02 22:50:00,3528.02,3534.88,0.01,6.860000000000127,6.860000000000127,TRAIL,10101.799999999996,0.8409947780468737,0.37834327870211815,2.07266245341109,11.949999999999818,-6.139999999999873,Q4 high
1,2025-09-03 07:25:00,2025-09-03 11:25:00,3534.09,3538.53,0.01,4.440000000000055,4.440000000000055,TIME,10106.239999999996,0.7677257135161886,0.3071182101883692,0.16950966619840513,5.859999999999673,-7.350000000000364,Q1 low
1,2025-09-03 20:30:00,2025-09-04 01:00:00,3572.03,3562.53,0.01,-9.5,-9.5,TIME,10096.739999999996,0.718948264804969,0.2323182053547257,1.1044153602761382,6.389999999999873,-13.3100000000004,Q3
1,2025-09-05 10:45:00,2025-09-05 14:45:00,3550.1400000000003,3551.43,0.01,1.2899999999995089,1.2899999999995089,TIME,10098.029999999995,0.7120631052261176,0.2260465160498044,0.31526603679762755,4.919999999999618,-5.330000000000382,Q1 low
1,2025-09-05 16:00:00,2025-09-05 17:10:00,3580.59,3592.36,0.01,11.769999999999982,11.769999999999982,TRAIL,10109.799999999996,0.8108269367632616,0.3080572150311397,1.5889983743074818,17.309999999999945,-7.25,Q4 high
1,2025-09-05 17:15:00,2025-09-05 17:25:00,3593.38,3578.38,0.01,-15.0,-15.0,SL,10094.799999999996,0.7090374185377932,0.2300121616036833,1.5889983743074818,2.3399999999996908,-15.450000000000273,Q4 high
1,2025-09-08 07:30:00,2025-09-08 10:45:00,3583.73,3608.53,0.01,24.800000000000182,24.800000000000182,TRAIL,10119.599999999995,0.8001208991551111,0.351716461888209,0.48118225274358256,29.84999999999991,-2.849999999999909,Q1 low
1,2025-09-08 12:15:00,2025-09-08 16:05:00,3613.2200000000003,3624.31,0.01,11.08999999999969,11.08999999999969,TRAIL,10130.689999999995,0.7284807513525735,0.2541855612219021,1.3014270032931146,16.08999999999969,-2.7500000000004547,Q4 high
1,2025-09-08 21:55:00,2025-09-09 01:55:00,3635.8100000000004,3630.36,0.01,-5.450000000000273,-5.450000000000273,TIME,10125.239999999994,0.8783603026292198,0.5065302744729782,0.7835694247221242,2.199999999999818,-6.960000000000491,Q2
1,2025-09-09 09:40:00,2025-09-09 12:35:00,3645.7000000000003,3651.78,0.01,6.079999999999927,6.079999999999927,TRAIL,10131.319999999994,0.8560230707416385,0.33877721565781044,0.8303344661062732,11.079999999999927,-4.0300000000002,Q2
1,2025-09-10 09:45:00,2025-09-10 13:45:00,3645.1600000000003,3654.58,0.01,9.419999999999618,9.419999999999618,TIME,10140.739999999994,0.7477386958341193,0.24748963737938362,0.8788443616030028,12.269999999999527,-4.040000000000418,Q3
1,2025-09-12 08:55:00,2025-09-12 12:05:00,3653.9100000000003,3638.9100000000003,0.01,-15.0,-15.0,SL,10125.739999999994,0.8176938954740265,0.38043159906174434,1.0988319468987986,1.1199999999998909,-15.870000000000346,Q3
1,2025-09-12 23:55:00,2025-09-15 01:00:00,3643.4700000000003,3644.37,0.01,0.8999999999996362,0.8999999999996362,TIME,10126.639999999994,0.7402044055506576,0.24430761370505483,0.2298544550940598,0.8999999999996362,-1.0400000000004184,Q1 low
1,2025-09-15 10:35:00,2025-09-15 14:35:00,3639.79,3645.32,0.01,5.5300000000002,5.5300000000002,TIME,10132.169999999995,0.8247663007131059,0.34921353253441423,0.7603732560246251,6.5300000000002,-4.039999999999964,Q2
1,2025-09-15 20:30:00,2025-09-16 01:00:00,3680.4500000000003,3680.09,0.01,-0.36000000000012733,-0.36000000000012733,TIME,10131.809999999994,0.8365850843542698,0.39804981249949933,1.6567673033478258,2.3299999999999272,-4.5900000000001455,Q4 high
1,2025-09-16 14:35:00,2025-09-16 18:35:00,3693.51,3679.87,0.01,-13.640000000000327,-13.640000000000327,TIME,10118.169999999995,0.7490656181450936,0.22156851969073763,0.6237685831990067,9.569999999999709,-13.920000000000073,Q2
-1,2025-09-18 20:10:00,2025-09-19 01:00:00,3644.55,3643.55,0.01,1.0,1.0,TIME,10119.169999999995,0.7718746083851952,0.2812131283187341,0.7886007942070473,3.650000000000091,-2.8600000000001273,Q2
-1,2025-09-19 18:50:00,2025-09-19 21:55:00,3668.62,3683.62,0.01,-15.0,-15.0,SL,10104.169999999995,0.7304683255078227,0.26378430031203937,0.2987093612155366,1.8299999999999272,-15.820000000000164,Q1 low
1,2025-09-22 12:00:00,2025-09-22 16:00:00,3720.77,3721.65,0.01,0.8800000000001091,0.8800000000001091,TIME,10105.049999999996,0.7908701521688769,0.3258763398022684,1.4611939746105946,7.5300000000002,-8.639999999999873,Q4 high
1,2025-09-22 22:50:00,2025-09-23 02:50:00,3747.4500000000003,3748.77,0.01,1.319999999999709,1.319999999999709,TIME,10106.369999999995,0.7305312612562868,0.25414417499376346,0.8196210941950164,1.6599999999998545,-9.320000000000164,Q2
1,2025-09-23 12:35:00,2025-09-23 16:35:00,3785.44,3785.76,0.01,0.3200000000001637,0.3200000000001637,TIME,10106.689999999995,0.721945637923849,0.2333668358470539,1.4711155378487804,3.400000000000091,-7.880000000000109,Q4 high
1,2025-09-23 16:35:00,2025-09-23 17:20:00,3786.0600000000004,3771.0600000000004,0.01,-15.0,-15.0,SL,10091.689999999995,0.7755707779527485,0.308755573258608,0.5147972773010493,2.6799999999993815,-18.520000000000437,Q1 low
1,2025-09-23 17:35:00,2025-09-23 20:30:00,3775.6600000000003,3780.71,0.01,5.049999999999727,5.049999999999727,TRAIL,10096.739999999994,0.8008042369631979,0.2775134943654016,0.5147972773010493,10.049999999999727,-10.580000000000382,Q1 low
1,2025-09-25 05:35:00,2025-09-25 09:35:00,3739.2000000000003,3745.37,0.01,6.169999999999618,6.169999999999618,TIME,10102.909999999994,0.7203473439669714,0.23131468029873534,0.5966796875000181,9.049999999999727,-7.360000000000127,Q1 low
1,2025-09-25 14:30:00,2025-09-25 15:50:00,3750.0600000000004,3735.0600000000004,0.01,-15.0,-15.0,SL,10087.909999999994,0.7444316578832572,0.25078453208144535,0.8232117022986565,5.799999999999727,-19.43000000000029,Q2
1,2025-09-26 20:15:00,2025-09-26 23:40:00,3778.51,3763.51,0.01,-15.0,-15.0,SL,10072.909999999994,0.7368447762782319,0.26583227289886846,0.9898177407513589,4.6899999999996,-16.330000000000382,Q3
1,2025-09-29 05:10:00,2025-09-29 05:25:00,3784.3300000000004,3793.7,0.01,9.369999999999436,9.369999999999436,TRAIL,10082.279999999993,0.8310909092938271,0.3654703279926002,1.280591120453421,14.369999999999436,-0.3000000000001819,Q3
1,2025-09-29 05:25:00,2025-09-29 08:00:00,3792.9,3803.96,0.01,11.059999999999945,11.059999999999945,TRAIL,10093.339999999993,0.7510291732335891,0.293918397857028,1.280591120453421,16.059999999999945,-4.920000000000073,Q3
1,2025-09-29 11:05:00,2025-09-29 14:45:00,3810.8500000000004,3824.4,0.01,13.549999999999727,13.549999999999727,TRAIL,10106.889999999992,0.7788064453367045,0.29636485293206105,0.7516328120318174,18.549999999999727,-4.400000000000546,Q2
1,2025-09-30 08:15:00,2025-09-30 10:10:00,3866.5800000000004,3851.5800000000004,0.01,-15.0,-15.0,SL,10091.889999999992,0.7193907717146615,0.2636409223958879,1.2541713191895758,5.209999999999582,-15.7800000000002,Q3
1,2025-09-30 21:20:00,2025-09-30 23:00:00,3843.17,3855.79,0.01,12.61999999999989,12.61999999999989,TRAIL,10104.509999999991,0.830158996841472,0.3892916764598467,0.9329604753938191,17.61999999999989,-0.43000000000029104,Q3
1,2025-10-01 13:15:00,2025-10-01 15:40:00,3889.21,3874.21,0.01,-15.0,-15.0,SL,10089.509999999991,0.7524686485588837,0.2171985755780209,0.9987043670451803,1.7199999999998,-17.199999999999818,Q3
1,2025-10-02 19:20:00,2025-10-02 22:55:00,3842.78,3853.7,0.01,10.919999999999618,10.919999999999618,TRAIL,10100.429999999991,0.7797437704200985,0.3198665921942767,0.3795468831133481,16.31999999999971,-7.320000000000164,Q1 low
1,2025-10-03 14:55:00,2025-10-03 16:30:00,3864.38,3879.5,0.01,15.11999999999989,15.11999999999989,TRAIL,10115.549999999992,0.7338928995363464,0.23653739089249434,0.8260955780289264,20.33999999999969,-3.800000000000182,Q2
1,2025-10-06 08:00:00,2025-10-06 09:05:00,3938.9900000000002,3923.9900000000002,0.01,-15.0,-15.0,SL,10100.549999999992,0.711469362759454,0.23853556282963556,1.505300353356871,6.209999999999582,-16.690000000000055,Q4 high
1,2025-10-06 10:05:00,2025-10-06 11:20:00,3934.55,3944.67,0.01,10.11999999999989,10.11999999999989,TRAIL,10110.669999999991,0.9224560381103489,0.6284956821242823,1.505300353356871,15.11999999999989,-5.25,Q4 high
1,2025-10-06 11:25:00,2025-10-06 14:50:00,3946.17,3931.17,0.01,-15.0,-15.0,SL,10095.669999999991,0.843284348946812,0.44856072118203133,1.505300353356871,1.0099999999997635,-15.079999999999927,Q4 high
1,2025-10-07 05:25:00,2025-10-07 08:05:00,3964.0600000000004,3971.98,0.01,7.919999999999618,7.919999999999618,TRAIL,10103.589999999991,0.7047502432305566,0.21494532435916172,0.1554441260744864,12.919999999999618,-3.1500000000005457,Q1 low
1,2025-10-07 10:35:00,2025-10-07 14:35:00,3954.7400000000002,3956.66,0.01,1.919999999999618,1.919999999999618,TIME,10105.509999999991,0.8243553892451675,0.32555940152882046,0.5480678046467498,8.789999999999964,-13.850000000000364,Q1 low
1,2025-10-07 16:50:00,2025-10-07 18:25:00,3979.8,3985.62,0.01,5.819999999999709,5.819999999999709,TRAIL,10111.32999999999,0.7643368983153839,0.2829036335113046,1.0770113372489956,11.230000000000018,-10.75,Q3
1,2025-10-08 09:10:00,2025-10-08 13:10:00,4032.53,4046.32,0.01,13.789999999999964,13.789999999999964,TIME,10125.119999999992,0.7618645322700401,0.27553946046916317,1.247175104887833,17.079999999999927,-11.269999999999982,Q3
1,2025-10-08 14:50:00,2025-10-08 15:15:00,4035.76,4041.46,0.01,5.699999999999818,5.699999999999818,TRAIL,10130.819999999992,0.7682691720888104,0.266352963825522,0.3638030029382399,10.699999999999818,-1.1600000000003092,Q1 low
1,2025-10-08 21:50:00,2025-10-08 22:05:00,4049.57,4034.57,0.01,-15.0,-15.0,SL,10115.819999999992,0.7780830895867312,0.27260504704598254,0.6568359319930915,4.989999999999782,-17.51000000000022,Q2
1,2025-10-09 17:50:00,2025-10-09 19:30:00,4020.7000000000003,4005.7000000000003,0.01,-15.0,-15.0,SL,10100.819999999992,0.775582030695375,0.23785066165387295,0.5580330427995126,8.209999999999582,-22.8100000000004,Q1 low
1,2025-10-10 07:30:00,2025-10-10 08:25:00,3959.34,3972.85,0.01,13.509999999999764,13.509999999999764,TRAIL,10114.329999999993,0.771212874927367,0.28751505437938696,0.4729729729729891,18.509999999999764,-1.5700000000001637,Q1 low
1,2025-10-10 15:30:00,2025-10-10 16:55:00,3991.52,3976.52,0.01,-15.0,-15.0,SL,10099.329999999993,0.7102674623627115,0.21779589885035125,0.6982733505545033,6.639999999999873,-16.170000000000073,Q2
1,2025-10-13 05:15:00,2025-10-13 08:10:00,4049.8900000000003,4060.71,0.01,10.819999999999709,10.819999999999709,TRAIL,10110.149999999992,0.7186512681075004,0.2693466563890593,0.9631857555341671,15.819999999999709,-8.250000000000455,Q3
1,2025-10-13 12:50:00,2025-10-13 15:35:00,4075.4700000000003,4081.03,0.01,5.559999999999945,5.559999999999945,TRAIL,10115.709999999992,0.7139111868074925,0.2629293807926367,0.534123045728627,10.559999999999945,-4.170000000000073,Q1 low
1,2025-10-13 21:25:00,2025-10-13 22:05:00,4106.08,4091.08,0.01,-15.0,-15.0,SL,10100.709999999992,0.7613397934959463,0.299603057300747,0.6501579098478419,1.5100000000002183,-15.329999999999927,Q2
1,2025-10-14 08:00:00,2025-10-14 08:25:00,4168.37,4174.53,0.01,6.1599999999998545,6.1599999999998545,TRAIL,10106.869999999992,0.7032361010349412,0.21102736971292535,1.2158283405322956,11.300000000000182,-2.819999999999709,Q3
1,2025-10-14 08:30:00,2025-10-14 08:35:00,4179.46,4164.46,0.01,-15.0,-15.0,SL,10091.869999999992,0.7186996378584264,0.22435907016899964,1.2158283405322956,0.27999999999974534,-40.80000000000018,Q3
1,2025-10-14 10:20:00,2025-10-14 11:30:00,4121.570000000001,4139.49,0.01,17.919999999999163,17.919999999999163,TRAIL,10109.78999999999,0.9532664587238068,0.7327135163676847,1.2158283405322956,23.649999999999636,-4.590000000001055,Q3
1,2025-10-15 13:10:00,2025-10-15 15:20:00,4197.09,4182.09,0.01,-15.0,-15.0,SL,10094.78999999999,0.832167527780317,0.3212330001529347,0.7819940032962261,9.239999999999782,-16.98999999999978,Q2
1,2025-10-15 15:55:00,2025-10-15 17:15:00,4188.89,4207.38,0.01,18.48999999999978,18.48999999999978,TRAIL,10113.27999999999,0.879569740978955,0.4916884189797969,0.7819940032962261,23.48999999999978,-5.950000000000728,Q2
1,2025-10-16 09:05:00,2025-10-16 09:30:00,4217.12,4222.25,0.01,5.130000000000109,5.130000000000109,TRAIL,10118.409999999989,0.8093173825698258,0.2632957001622118,0.5908468073444967,10.13000000000011,-1.6199999999998909,Q1 low
1,2025-10-16 10:00:00,2025-10-16 10:35:00,4223.01,4228.79,0.01,5.779999999999745,5.779999999999745,TRAIL,10124.189999999988,0.7508404390862375,0.2701662036232074,0.5908468073444967,11.029999999999745,-0.7200000000002547,Q1 low
1,2025-10-16 20:00:00,2025-10-16 20:25:00,4282.9800000000005,4290.07,0.01,7.089999999999236,7.089999999999236,TRAIL,10131.279999999988,0.8282374674259735,0.3709624605091291,1.2912540600491385,12.089999999999236,-3.0200000000004366,Q4 high
1,2025-10-17 05:05:00,2025-10-17 05:15:00,4323.21,4330.93,0.01,7.720000000000255,7.720000000000255,TRAIL,10138.999999999989,0.882405842567808,0.42589382570516127,0.8465053504289752,12.720000000000255,-4.4399999999996,Q2
1,2025-10-17 05:35:00,2025-10-17 05:55:00,4337.860000000001,4343.61,0.01,5.7499999999990905,5.7499999999990905,TRAIL,10144.749999999989,0.8715336742204813,0.44243050028520264,0.8465053504289752,10.74999999999909,-2.8300000000008367,Q2
1,2025-10-17 06:00:00,2025-10-17 06:25:00,4342.7300000000005,4356.06,0.01,13.329999999999927,13.329999999999927,TRAIL,10158.079999999989,0.8567028418806198,0.4412138969170457,0.8465053504289752,18.329999999999927,-4.100000000000364,Q2
1,2025-10-20 17:35:00,2025-10-20 18:20:00,4321.0,4350.26,0.01,29.26000000000022,29.26000000000022,TRAIL,10187.33999999999,0.7120773135008608,0.23510362579408653,1.0452320480258326,34.75,-3.9200000000000728,Q3
-1,2025-11-04 06:05:00,2025-11-04 07:45:00,3991.52,3981.0600000000004,0.01,10.459999999999582,10.459999999999582,TRAIL,10197.799999999988,0.7298629209864723,0.2503217296365285,0.44416975690152827,17.86999999999989,-2.930000000000291,Q1 low
-1,2025-11-04 10:15:00,2025-11-04 14:15:00,3991.56,3996.98,0.01,-5.420000000000073,-5.420000000000073,TIME,10192.379999999988,0.7709079107653268,0.3175745972218636,0.4515198020935987,5.289999999999964,-9.440000000000055,Q1 low
-1,2025-11-04 18:50:00,2025-11-04 20:30:00,3965.81,3950.8100000000004,0.01,14.999999999999545,14.999999999999545,TRAIL,10207.379999999988,0.7335675182402474,0.25941485195459435,0.49440885398727413,19.999999999999545,-5.450000000000273,Q1 low
-1,2025-11-06 07:10:00,2025-11-06 09:20:00,3987.05,4002.05,0.01,-15.0,-15.0,SL,10192.379999999988,0.7280809048669541,0.2852697158905855,0.10419260004766934,4.440000000000055,-22.5,Q1 low
1,2025-11-06 12:45:00,2025-11-06 14:00:00,4008.25,4014.62,0.01,6.369999999999891,6.369999999999891,TRAIL,10198.749999999989,0.7074086442199948,0.20682056957373587,0.8492404400209416,11.36999999999989,-2.880000000000109,Q2
1,2025-11-06 14:20:00,2025-11-06 16:20:00,4014.1400000000003,3999.1400000000003,0.01,-15.0,-15.0,SL,10183.749999999989,0.7323184055764008,0.31167826667935283,0.8492404400209416,2.069999999999709,-20.300000000000182,Q2
1,2025-11-07 05:40:00,2025-11-07 09:20:00,3993.0600000000004,4004.89,0.01,11.829999999999472,11.829999999999472,TRAIL,10195.579999999989,0.8166837270434765,0.3412724810606681,0.9657341871700357,16.829999999999472,-7.660000000000309,Q3
1,2025-11-07 15:05:00,2025-11-07 18:40:00,3998.96,4022.31,0.01,23.34999999999991,23.34999999999991,TRAIL,10218.92999999999,0.8013034838246765,0.3212032721015783,0.46509099233145623,28.440000000000055,-14.760000000000218,Q1 low
1,2025-11-07 22:40:00,2025-11-10 01:00:00,4002.9500000000003,3999.22,0.01,-3.730000000000473,-3.730000000000473,TIME,10215.19999999999,0.7050313691291921,0.25458240368838825,0.31596658157343954,2.8399999999996908,-4.520000000000437,Q1 low
1,2025-11-10 05:05:00,2025-11-10 08:40:00,4047.3900000000003,4073.42,0.01,26.029999999999745,26.029999999999745,TRAIL,10241.229999999989,0.7839726024477172,0.328841691004919,1.719749766778285,31.029999999999745,-2.4000000000005457,Q4 high
1,2025-11-10 09:55:00,2025-11-10 13:55:00,4076.4500000000003,4082.25,0.01,5.799999999999727,5.799999999999727,TIME,10247.029999999988,0.7082141862713637,0.23558814742450004,0.9276033401836941,9.829999999999927,-4.860000000000127,Q3
1,2025-11-10 17:20:00,2025-11-10 20:35:00,4091.42,4110.79,0.01,19.36999999999989,19.36999999999989,TRAIL,10266.399999999987,0.7296812563051752,0.24632039805130937,0.5199123855037926,24.36999999999989,-13.440000000000055,Q1 low
1,2025-11-11 18:40:00,2025-11-11 22:40:00,4113.150000000001,4128.73,0.01,15.579999999999018,15.579999999999018,TIME,10281.979999999985,0.7219225811245819,0.24792221240552217,0.026793525809301007,17.029999999999745,-6.5600000000004,Q1 low
1,2025-11-12 06:50:00,2025-11-12 09:30:00,4111.360000000001,4120.16,0.01,8.799999999999272,8.799999999999272,TRAIL,10290.779999999984,0.7157943060227556,0.20925285516140438,0.1449017546696873,13.899999999999636,-12.480000000000473,Q1 low
1,2025-11-12 12:40:00,2025-11-12 14:40:00,4125.76,4134.35,0.01,8.590000000000146,8.590000000000146,TRAIL,10299.369999999984,0.7238187952248283,0.21788293436805933,0.7621612797910028,13.649999999999636,-2.7399999999997817,Q2
1,2025-11-12 15:25:00,2025-11-12 17:00:00,4129.43,4134.71,0.01,5.279999999999745,5.279999999999745,TRAIL,10304.649999999983,0.7272061471656639,0.24345956697201818,0.7621612797910028,12.539999999999964,-5.010000000000218,Q2
1,2025-11-13 09:15:00,2025-11-13 10:35:00,4210.900000000001,4234.52,0.01,23.61999999999989,23.61999999999989,TRAIL,10328.269999999982,0.7474020037534918,0.25676494365244107,0.639528160055459,28.61999999999989,-0.7000000000007276,Q2
1,2025-11-13 13:55:00,2025-11-13 15:00:00,4232.33,4240.19,0.01,7.859999999999673,7.859999999999673,TRAIL,10336.129999999983,0.7290957152614117,0.23067307980349222,0.6738103311856584,12.859999999999673,-3.600000000000364,Q2
1,2025-11-13 15:55:00,2025-11-13 16:05:00,4231.860000000001,4216.860000000001,0.01,-15.0,-15.0,SL,10321.129999999983,0.7726713730256342,0.2584408406802699,0.6738103311856584,0.6099999999996726,-17.850000000000364,Q2
-1,2025-11-17 10:25:00,2025-11-17 13:05:00,4080.61,4066.42,0.01,14.190000000000055,14.190000000000055,TRAIL,10335.319999999983,0.8594819112237991,0.41654170063289336,0.7210961314854933,19.190000000000055,-9.150000000000091,Q2
-1,2025-11-18 11:35:00,2025-11-18 11:55:00,4032.41,4047.41,0.01,-15.0,-15.0,SL,10320.319999999983,0.7392150365252967,0.2752060864686237,0.13294263284078128,1.8799999999996544,-15.100000000000364,Q1 low
-1,2025-11-19 22:35:00,2025-11-19 23:20:00,4077.12,4070.94,0.01,6.179999999999836,6.179999999999836,TRAIL,10326.499999999984,0.7570353342164725,0.28549583652940885,0.8216343587194453,11.179999999999836,-3.630000000000109,Q2
-1,2025-11-24 06:25:00,2025-11-24 07:25:00,4050.67,4045.32,0.01,5.349999999999909,5.349999999999909,TRAIL,10331.849999999984,0.7033560086999758,0.2115214011470004,0.6209455842997081,10.349999999999909,-2.0799999999999272,Q2
1,2025-11-25 08:55:00,2025-11-25 10:35:00,4142.78,4127.78,0.01,-15.0,-15.0,SL,10316.849999999984,0.7413930758922025,0.2806840203504628,0.47289638133989514,3.4000000000005457,-21.399999999999636,Q1 low
1,2025-11-25 11:15:00,2025-11-25 12:20:00,4127.18,4133.76,0.01,6.579999999999927,6.579999999999927,TRAIL,10323.429999999984,0.7924719860522428,0.3366693367450327,0.47289638133989514,11.579999999999927,-5.180000000000291,Q1 low
1,2025-11-25 17:10:00,2025-11-25 18:35:00,4130.6900000000005,4136.43,0.01,5.739999999999782,5.739999999999782,TRAIL,10329.169999999984,0.7269522655415018,0.2256677289730628,0.5490755651588665,10.739999999999782,-9.710000000000946,Q1 low
1,2025-11-26 09:40:00,2025-11-26 10:30:00,4155.29,4162.92,0.01,7.630000000000109,7.630000000000109,TRAIL,10336.799999999985,0.7385363406529902,0.2926072718298473,0.4506898313745785,13.300000000000182,-1.449999999999818,Q1 low
1,2025-11-27 12:55:00,2025-11-27 16:55:00,4156.56,4153.99,0.01,-2.5700000000006185,-2.5700000000006185,TIME,10334.229999999985,0.7351195184657886,0.25072664600142675,0.44174943752400037,5.960000000000036,-7.350000000000364,Q1 low
1,2025-11-28 05:15:00,2025-11-28 07:05:00,4187.93,4172.93,0.01,-15.0,-15.0,SL,10319.229999999985,0.8815508975046016,0.5144149204964455,1.6407425990968059,1.1199999999998909,-15.159999999999854,Q4 high
1,2025-11-28 07:30:00,2025-11-28 10:00:00,4185.320000000001,4170.320000000001,0.01,-15.0,-15.0,SL,10304.229999999985,0.9396703182311291,0.7071398216354763,1.6407425990968059,3.6199999999989814,-24.01000000000022,Q4 high
1,2025-11-28 20:00:00,2025-12-01 01:00:00,4216.9400000000005,4222.33,0.01,5.389999999999418,5.389999999999418,TIME,10309.619999999984,0.7962261752085203,0.33252936804228733,1.5742548313133689,9.409999999999854,-6.240000000000691,Q4 high
1,2025-12-01 01:00:00,2025-12-01 01:05:00,4222.63,4207.63,0.01,-15.0,-15.0,SL,10294.619999999984,0.8459832809717642,0.40638675993624235,1.5742548313133689,7.550000000000182,-17.109999999999673,Q4 high
1,2025-12-01 05:10:00,2025-12-01 07:15:00,4240.31,4225.31,0.01,-15.0,-15.0,SL,10279.619999999984,0.873435447997271,0.3930070930192126,1.4845847282001914,6.6899999999996,-16.18000000000029,Q4 high
1,2025-12-01 07:50:00,2025-12-01 09:05:00,4229.34,4235.36,0.01,6.019999999999527,6.019999999999527,TRAIL,10285.639999999985,0.9547668176778153,0.7041728103678798,1.4845847282001914,11.260000000000218,-3.100000000000364,Q4 high
1,2025-12-02 19:05:00,2025-12-02 21:35:00,4189.4800000000005,4194.82,0.01,5.339999999999236,5.339999999999236,TRAIL,10290.979999999985,0.8024161453708847,0.3560734699204708,0.6720887418144345,10.339999999999236,-6.210000000000036,Q2
1,2025-12-03 16:35:00,2025-12-03 16:45:00,4239.360000000001,4224.360000000001,0.01,-15.0,-15.0,SL,10275.979999999985,0.7313698280618837,0.23228917781356123,1.1645419928572807,2.1099999999996726,-21.030000000000655,Q3
1,2025-12-03 17:35:00,2025-12-03 18:20:00,4229.16,4214.16,0.01,-15.0,-15.0,SL,10260.979999999985,0.8130259661493289,0.33605053999789575,1.1645419928572807,0.19000000000050932,-16.519999999999527,Q3
1,2025-12-03 18:35:00,2025-12-03 18:50:00,4223.09,4208.09,0.01,-15.0,-15.0,SL,10245.979999999985,0.8808735095823846,0.4862955784329307,1.1645419928572807,1.8999999999996362,-16.970000000000255,Q3
1,2025-12-04 21:35:00,2025-12-05 01:35:00,4208.4400000000005,4207.51,0.01,-0.930000000000291,-0.930000000000291,TIME,10245.049999999985,0.7187599305318606,0.25254743934304624,0.6118398923646089,1.889999999999418,-3.0200000000004366,Q2
1,2025-12-05 11:35:00,2025-12-05 15:05:00,4221.74,4228.21,0.01,6.470000000000255,6.470000000000255,TRAIL,10251.519999999986,0.7620245142773541,0.3049609690600207,0.7039264442259626,11.470000000000255,-1.6300000000001091,Q2
1,2025-12-05 19:20:00,2025-12-05 22:30:00,4217.25,4202.25,0.01,-15.0,-15.0,SL,10236.519999999986,0.7641646710557509,0.29412772129093323,0.46693070486286453,2.7200000000002547,-15.0,Q1 low
1,2025-12-08 10:05:00,2025-12-08 14:05:00,4210.84,4211.37,0.01,0.5299999999997453,0.5299999999997453,TIME,10237.049999999985,0.7927587459693703,0.2942042893336425,0.6541941150636762,5.729999999999563,-11.090000000000146,Q2
-1,2025-12-10 14:30:00,2025-12-10 18:30:00,4197.55,4200.95,0.01,-3.399999999999636,-3.399999999999636,TIME,10233.649999999985,0.7908750131611412,0.31073983857351206,0.8659169550173318,8.260000000000218,-9.770000000000437,Q3
1,2025-12-11 07:55:00,2025-12-11 11:55:00,4210.54,4217.86,0.01,7.319999999999709,7.319999999999709,TIME,10240.969999999985,0.855212789970117,0.5097427905185024,0.43805845579812047,11.079999999999927,-6.1899999999996,Q1 low
1,2025-12-11 20:00:00,2025-12-11 21:00:00,4278.96,4263.96,0.01,-15.0,-15.0,SL,10225.969999999985,0.9105904906207694,0.5992924845677963,2.2459642568377713,6.899999999999636,-15.779999999999745,Q4 high
1,2025-12-11 21:35:00,2025-12-12 01:35:00,4274.3,4277.32,0.01,3.019999999999527,3.019999999999527,TIME,10228.989999999983,0.9667693385511303,0.826571173411246,2.2459642568377713,9.269999999999527,-10.029999999999745,Q4 high
1,2025-12-12 12:00:00,2025-12-12 12:55:00,4318.650000000001,4325.43,0.01,6.779999999999745,6.779999999999745,TRAIL,10235.769999999982,0.7047179130891389,0.2076216261459291,1.4060584204832718,12.269999999999527,-3.9000000000005457,Q4 high
1,2025-12-12 13:00:00,2025-12-12 15:40:00,4330.22,4341.08,0.01,10.859999999999673,10.859999999999673,TRAIL,10246.629999999983,0.7032991459214001,0.2084020896977358,1.4060584204832718,15.859999999999673,-8.760000000000218,Q4 high
1,2025-12-12 15:45:00,2025-12-12 17:00:00,4340.1,4348.51,0.01,8.409999999999854,8.409999999999854,TRAIL,10255.039999999983,0.8723695185415211,0.4789199835267632,1.4060584204832718,13.409999999999854,-9.170000000000073,Q4 high
1,2025-12-16 06:40:00,2025-12-16 07:30:00,4290.87,4275.87,0.01,-15.0,-15.0,SL,10240.039999999983,0.7203623958687635,0.280620523137874,0.07362660791700003,1.3800000000001091,-19.30999999999949,Q1 low
1,2025-12-16 19:05:00,2025-12-16 23:05:00,4306.24,4303.24,0.01,-3.0,-3.0,TIME,10237.039999999983,0.8438644357859697,0.3621778585667455,0.9831774893644298,9.650000000000546,-8.859999999999673,Q3
1,2025-12-17 05:05:00,2025-12-17 07:25:00,4318.59,4332.95,0.01,14.359999999999673,14.359999999999673,TRAIL,10251.399999999983,0.7538319547487508,0.23364404853971565,0.8730627306272808,19.359999999999673,-5.930000000000291,Q3
1,2025-12-17 16:35:00,2025-12-17 17:35:00,4337.860000000001,4344.0,0.01,6.139999999999418,6.139999999999418,TRAIL,10257.539999999983,0.7041293727748441,0.23715025488284897,0.8701676528599805,11.139999999999418,-8.880000000001019,Q3
1,2025-12-17 18:55:00,2025-12-17 20:15:00,4333.76,4341.26,0.01,7.5,7.5,TRAIL,10265.039999999983,0.7725402268289382,0.3043535547951161,0.8701676528599805,12.599999999999454,-5.25,Q3
1,2025-12-19 20:00:00,2025-12-19 22:45:00,4353.6900000000005,4338.6900000000005,0.01,-15.0,-15.0,SL,10250.039999999983,0.7093472635130261,0.24444741890807423,1.0012612509315968,2.8099999999994907,-16.44000000000051,Q3
1,2025-12-22 05:05:00,2025-12-22 07:15:00,4389.16,4398.74,0.01,9.579999999999927,9.579999999999927,TRAIL,10259.619999999983,0.7883216759744673,0.30038094330246895,1.656809472058628,14.579999999999927,-3.800000000000182,Q4 high
1,2025-12-22 07:20:00,2025-12-22 09:00:00,4400.18,4415.19,0.01,15.009999999999309,15.009999999999309,TRAIL,10274.629999999983,0.7703648723963651,0.30253506103499594,1.656809472058628,20.299999999999272,-2.860000000000582,Q4 high
1,2025-12-22 11:10:00,2025-12-22 15:10:00,4411.67,4421.88,0.01,10.210000000000036,10.210000000000036,TIME,10284.839999999982,0.746342963048753,0.283921602692615,0.6577621106552141,10.670000000000073,-5.569999999999709,Q2
1,2025-12-23 05:05:00,2025-12-23 07:15:00,4493.01,4478.01,0.01,-15.0,-15.0,SL,10269.839999999982,0.8485080506890567,0.4181396786382161,1.5643379833913467,0.0,-15.520000000000437,Q4 high
1,2025-12-24 05:20:00,2025-12-24 09:20:00,4495.78,4493.15,0.01,-2.630000000000109,-2.630000000000109,TIME,10267.209999999981,0.9021111862620602,0.48884022315959785,1.0836936452660568,5.740000000000691,-10.4399999999996,Q3
1,2025-12-26 19:50:00,2025-12-26 21:00:00,4522.33,4527.71,0.01,5.380000000000109,5.380000000000109,TRAIL,10272.589999999982,0.7262771689865882,0.20361515523446755,0.39217993392765804,10.38000000000011,-9.960000000000036,Q1 low
-1,2025-12-29 20:50:00,2025-12-29 22:05:00,4328.74,4343.74,0.01,-15.0,-15.0,SL,10257.589999999982,0.9585615679076773,0.7977603586227381,2.102666752760343,0.7999999999992724,-16.150000000000546,Q4 high
-1,2025-12-29 22:25:00,2025-12-29 22:40:00,4337.45,4331.25,0.01,6.199999999999818,6.199999999999818,TRAIL,10263.789999999983,0.9843200546062641,0.9199240798183016,2.102666752760343,11.199999999999818,-4.190000000000509,Q4 high
-1,2025-12-29 23:05:00,2025-12-30 02:15:00,4332.92,4347.92,0.01,-15.0,-15.0,SL,10248.789999999983,0.9782633205716005,0.9060646308084693,2.102666752760343,9.239999999999782,-17.039999999999964,Q4 high
-1,2025-12-31 08:00:00,2025-12-31 08:05:00,4285.97,4279.72,0.01,6.25,6.25,TRAIL,10255.039999999983,0.7128114212532407,0.23403911355069143,1.5279420179287302,11.25,-5.699999999999818,Q4 high
-1,2025-12-31 08:15:00,2025-12-31 08:30:00,4299.0,4314.0,0.01,-15.0,-15.0,SL,10240.039999999983,0.8122459015010217,0.38054689464271285,1.5279420179287302,6.069999999999709,-18.18000000000029,Q4 high
-1,2025-12-31 09:50:00,2025-12-31 11:00:00,4328.73,4308.75,0.01,19.979999999999563,19.979999999999563,TRAIL,10260.019999999982,0.9345664397326325,0.6404707259622897,1.5279420179287302,24.979999999999563,-4.480000000000473,Q4 high
-1,2026-01-02 21:25:00,2026-01-02 22:55:00,4316.63,4331.63,0.01,-15.0,-15.0,SL,10245.019999999982,0.7175145670004788,0.28538278425476454,0.976018989708503,0.0,-15.170000000000073,Q3
1,2026-01-05 15:05:00,2026-01-05 15:25:00,4415.67,4400.67,0.01,-15.0,-15.0,SL,10230.019999999982,0.8457473584555251,0.41478277584418743,0.5026013387575363,3.300000000000182,-18.590000000000146,Q1 low
1,2026-01-05 15:50:00,2026-01-05 16:15:00,4414.31,4423.47,0.01,9.159999999999854,9.159999999999854,TRAIL,10239.179999999982,0.769190510017471,0.3353457004795728,0.5026013387575363,14.159999999999854,-2.9600000000000364,Q1 low
1,2026-01-05 22:15:00,2026-01-06 01:10:00,4444.25,4453.13,0.01,8.88000000000011,8.88000000000011,TRAIL,10248.059999999983,0.7966044544947126,0.36808803138451524,0.6906559828665517,15.890000000000327,-6.3100000000004,Q2
1,2026-01-06 21:40:00,2026-01-06 23:10:00,4482.4400000000005,4491.91,0.01,9.469999999999345,9.469999999999345,TRAIL,10257.529999999982,0.7303210644279355,0.26823201389071155,0.5952969562723676,14.469999999999345,-3.240000000000691,Q1 low
1,2026-01-08 22:00:00,2026-01-08 22:40:00,4452.38,4472.59,0.01,20.210000000000036,20.210000000000036,TRAIL,10277.739999999983,0.9170479588054324,0.6439915041935308,1.2508005231588164,25.699999999999818,-0.9600000000000364,Q3
1,2026-01-12 05:05:00,2026-01-12 09:05:00,4577.110000000001,4576.43,0.01,-0.680000000000291,-0.680000000000291,TIME,10277.059999999983,0.9011778841578906,0.5568780273223344,1.5611488974570054,7.859999999999673,-13.700000000000728,Q4 high
1,2026-01-12 14:55:00,2026-01-12 15:25:00,4589.070000000001,4605.71,0.01,16.639999999999418,16.639999999999418,TRAIL,10293.699999999983,0.710152670007311,0.2447755064461518,0.24454019346937036,22.089999999999236,-1.4200000000009823,Q1 low
1,2026-01-12 16:35:00,2026-01-12 16:40:00,4598.33,4606.43,0.01,8.100000000000364,8.100000000000364,TRAIL,10301.799999999983,0.8122195366811729,0.3343864929025884,0.7789088793784001,13.100000000000364,-6.079999999999927,Q2
1,2026-01-13 10:05:00,2026-01-13 10:55:00,4585.4400000000005,4592.03,0.01,6.589999999999236,6.589999999999236,TRAIL,10308.389999999981,0.7069623763982971,0.22504467533707442,0.41250103967396184,11.589999999999236,-0.5500000000001819,Q1 low
1,2026-01-13 17:45:00,2026-01-13 18:25:00,4615.150000000001,4600.150000000001,0.01,-15.0,-15.0,SL,10293.389999999981,0.7135097124757147,0.2020859378046496,0.7112832968665452,5.579999999999018,-22.07000000000062,Q2
1,2026-01-13 18:45:00,2026-01-13 19:55:00,4609.08,4594.08,0.01,-15.0,-15.0,SL,10278.389999999981,0.7305197470059437,0.2451711351565518,0.7112832968665452,6.970000000000255,-22.460000000000036,Q2
1,2026-01-15 23:05:00,2026-01-16 01:10:00,4608.68,4615.9,0.01,7.219999999999345,7.219999999999345,TRAIL,10285.60999999998,0.8064769658419733,0.30923262621657316,0.8296296296296436,12.219999999999345,-0.3000000000001819,Q2
1,2026-01-19 05:05:00,2026-01-19 09:05:00,4665.41,4676.58,0.01,11.170000000000073,11.170000000000073,TIME,10296.77999999998,0.8040171507926902,0.40242649251983,0.9503233282248685,13.69000000000051,-7.210000000000036,Q3
1,2026-01-20 08:05:00,2026-01-20 10:20:00,4713.43,4720.14,0.01,6.710000000000036,6.710000000000036,TRAIL,10303.48999999998,0.7177332067601007,0.21572330667651335,1.4142590552420027,12.219999999999345,-7.829999999999927,Q4 high
1,2026-01-20 10:45:00,2026-01-20 11:55:00,4723.38,4732.38,0.01,9.0,9.0,TRAIL,10312.48999999998,0.8177876464602838,0.3454846294212709,1.4142590552420027,14.0,-2.1599999999998545,Q4 high
1,2026-01-20 13:40:00,2026-01-20 15:20:00,4731.52,4716.52,0.01,-15.0,-15.0,SL,10297.48999999998,0.7156878428841312,0.22003807174562767,0.551541575833065,3.719999999999345,-15.600000000000364,Q1 low
1,2026-01-21 05:05:00,2026-01-21 05:15:00,4844.34,4829.34,0.01,-15.0,-15.0,SL,10282.48999999998,0.9127160279169172,0.5440727825707536,2.1408813825951207,5.4099999999998545,-17.150000000000546,Q4 high
1,2026-01-21 05:30:00,2026-01-21 05:45:00,4833.89,4841.28,0.01,7.389999999999418,7.389999999999418,TRAIL,10289.87999999998,0.9557390199535677,0.7703907488263749,2.1408813825951207,12.389999999999418,-2.130000000000109,Q4 high
1,2026-01-21 05:50:00,2026-01-21 07:00:00,4841.3,4865.77,0.01,24.470000000000255,24.470000000000255,TRAIL,10314.34999999998,0.9473437551630647,0.7225201381162872,2.1408813825951207,29.470000000000255,-3.369999999999891,Q4 high
1,2026-01-22 20:00:00,2026-01-22 20:15:00,4904.6900000000005,4910.21,0.01,5.519999999999527,5.519999999999527,TRAIL,10319.86999999998,0.7237816493968949,0.2285399052887024,1.5742172003884782,10.519999999999527,-3.3100000000004,Q4 high
1,2026-01-22 20:15:00,2026-01-22 21:20:00,4908.83,4918.91,0.01,10.079999999999927,10.079999999999927,TRAIL,10329.94999999998,0.7139363594503672,0.23150802381078311,1.5742172003884782,15.569999999999709,-1.8400000000001455,Q4 high
1,2026-01-22 22:20:00,2026-01-22 23:50:00,4927.37,4935.4,0.01,8.029999999999745,8.029999999999745,TRAIL,10337.979999999981,0.7980590750355105,0.3339789584822061,1.5742172003884782,13.279999999999745,-13.210000000000036,Q4 high
1,2026-01-23 11:45:00,2026-01-23 12:30:00,4917.22,4927.47,0.01,10.25,10.25,TRAIL,10348.229999999981,0.7472521665549652,0.24813507882437882,0.13345530718850787,15.25,-2.699999999999818,Q1 low
1,2026-01-26 05:15:00,2026-01-26 05:50:00,5085.110000000001,5070.110000000001,0.01,-15.0,-15.0,SL,10333.229999999981,0.7441464350093152,0.27121739511474313,1.1992856850743538,2.6799999999993815,-15.0600000000004,Q3
1,2026-01-26 06:00:00,2026-01-26 06:45:00,5076.9400000000005,5061.9400000000005,0.01,-15.0,-15.0,SL,10318.229999999981,0.8493149069031276,0.41662963515099066,1.1992856850743538,1.0599999999994907,-18.69000000000051,Q3
1,2026-01-26 07:00:00,2026-01-26 07:10:00,5070.76,5055.76,0.01,-15.0,-15.0,SL,10303.229999999981,0.8952209777333563,0.4894619694975902,1.1992856850743538,2.069999999999709,-15.550000000000182,Q3
1,2026-01-27 07:25:00,2026-01-27 07:55:00,5066.39,5080.25,0.01,13.859999999999673,13.859999999999673,TRAIL,10317.089999999982,0.7938025895307992,0.28733145282944084,0.861830279290638,18.859999999999673,-6.360000000000582,Q2
1,2026-01-28 08:55:00,2026-01-28 09:20:00,5266.9400000000005,5276.75,0.01,9.80999999999949,9.80999999999949,TRAIL,10326.899999999981,0.7347545255519664,0.2608826901623583,0.9277801248650359,16.269999999999527,-4.100000000000364,Q3
1,2026-01-28 09:25:00,2026-01-28 10:00:00,5279.09,5287.77,0.01,8.680000000000291,8.680000000000291,TRAIL,10335.579999999982,0.7115338619230239,0.2274982374176454,0.9277801248650359,17.359999999999673,-6.970000000000255,Q3
1,2026-01-28 12:55:00,2026-01-28 13:00:00,5280.29,5265.29,0.01,-15.0,-15.0,SL,10320.579999999982,0.7002235264106137,0.23253823394369647,0.2921334482334019,0.0,-36.64000000000033,Q1 low
1,2026-01-29 05:15:00,2026-01-29 05:20:00,5539.01,5524.01,0.01,-15.0,-15.0,SL,10305.579999999982,0.910995864515256,0.6145911785487662,1.5561541421581766,1.449999999999818,-16.94000000000051,Q4 high
1,2026-01-29 05:55:00,2026-01-29 06:40:00,5544.51,5559.53,0.01,15.019999999999527,15.019999999999527,TRAIL,10320.59999999998,0.9369587022399338,0.6785727733950432,1.5561541421581766,20.019999999999527,-10.930000000000291,Q4 high
1,2026-01-29 06:45:00,2026-01-29 07:20:00,5557.87,5542.87,0.01,-15.0,-15.0,SL,10305.59999999998,0.8984549203525033,0.5667638075435508,1.5561541421581766,4.0,-41.55999999999949,Q4 high
-1,2026-01-30 22:35:00,2026-01-30 22:40:00,4882.04,4849.29,0.01,32.75,32.75,TRAIL,10338.34999999998,0.9000823408660851,0.5950700898700281,0.9911494070353398,37.75,-3.9400000000005093,Q3
-1,2026-01-30 22:50:00,2026-01-30 22:55:00,4863.29,4841.13,0.01,22.159999999999854,22.159999999999854,TRAIL,10360.50999999998,0.8294451985510307,0.43390528590087546,0.9911494070353398,53.73999999999978,-5.680000000000291,Q3
-1,2026-01-30 23:05:00,2026-01-30 23:10:00,4859.12,4836.81,0.01,22.30999999999949,22.30999999999949,TRAIL,10382.81999999998,0.7983151616505885,0.4175957842209776,0.9911494070353398,27.30999999999949,-1.9000000000005457,Q3
-1,2026-02-02 08:05:00,2026-02-02 08:10:00,4558.35,4526.17,0.01,32.18000000000029,32.18000000000029,TRAIL,10414.99999999998,0.7087329429657689,0.2723640161091406,0.8824659959541807,37.18000000000029,-6.1799999999993815,Q3
-1,2026-02-02 09:35:00,2026-02-02 09:35:00,4535.44,4550.44,0.01,-15.0,-15.0,SL,10399.99999999998,0.7649325144292444,0.3096985749007603,0.8824659959541807,6.1899999999996,-37.27000000000044,Q3
-1,2026-02-02 10:05:00,2026-02-02 10:05:00,4575.96,4590.96,0.01,-15.0,-15.0,SL,10384.99999999998,0.8448358301051767,0.4099872460077056,0.8824659959541807,6.0,-49.850000000000364,Q3
-1,2026-02-05 09:40:00,2026-02-05 09:45:00,4908.0,4901.29,0.01,6.710000000000036,6.710000000000036,TRAIL,10391.709999999981,0.8071125241556792,0.3975969714572162,0.5668557615455172,11.710000000000036,-3.610000000000582,Q1 low
-1,2026-02-05 10:30:00,2026-02-05 10:50:00,4921.46,4914.25,0.01,7.210000000000036,7.210000000000036,TRAIL,10398.91999999998,0.7158049663752364,0.3286010244052521,0.5668557615455172,19.899999999999636,-8.800000000000182,Q1 low
-1,2026-02-05 10:55:00,2026-02-05 11:05:00,4904.72,4886.9800000000005,0.01,17.73999999999978,17.73999999999978,TRAIL,10416.65999999998,0.7189008245293513,0.2739734908014108,0.5668557615455172,30.230000000000473,-14.05999999999949,Q1 low
-1,2026-02-06 05:45:00,2026-02-06 05:45:00,4805.35,4820.35,0.01,-15.0,-15.0,SL,10401.65999999998,0.7233839790083196,0.28601351015363424,0.18370412090491545,0.0,-17.609999999999673,Q1 low
1,2026-02-09 10:05:00,2026-02-09 10:20:00,5017.13,5026.93,0.01,9.800000000000182,9.800000000000182,TRAIL,10411.459999999981,0.7969606767999409,0.34185224467532344,0.5486918922066819,14.800000000000182,-3.630000000000109,Q1 low
-1,2026-02-13 11:10:00,2026-02-13 11:30:00,4977.84,4969.63,0.01,8.210000000000036,8.210000000000036,TRAIL,10419.66999999998,0.7478745300149089,0.3195728025712038,0.5775952149317377,16.06999999999971,-5.029999999999745,Q1 low
-1,2026-02-13 11:35:00,2026-02-13 12:50:00,4968.91,4963.37,0.01,5.539999999999964,5.539999999999964,TRAIL,10425.209999999981,0.7040650752391222,0.2578792040257542,0.5775952149317377,10.539999999999964,-12.13000000000011,Q1 low
-1,2026-02-16 09:00:00,2026-02-16 09:45:00,4994.9,5009.9,0.01,-15.0,-15.0,SL,10410.209999999981,0.7740042185087556,0.3534575965581012,0.613404126283034,5.549999999999272,-15.510000000000218,Q2
-1,2026-02-16 10:50:00,2026-02-16 14:20:00,5004.33,4998.14,0.01,6.1899999999996,6.1899999999996,TRAIL,10416.39999999998,0.7784909346243459,0.37815235637113925,0.613404126283034,11.1899999999996,-13.25,Q2
-1,2026-02-17 05:05:00,2026-02-17 05:40:00,4962.57,4955.570000000001,0.01,6.9999999999990905,6.9999999999990905,TRAIL,10423.39999999998,0.8156944019427305,0.3409795993341961,0.751361679071502,12.259999999999309,-3.1400000000003274,Q2
-1,2026-02-17 07:10:00,2026-02-17 07:20:00,4944.61,4901.4400000000005,0.01,43.16999999999916,43.16999999999916,TRAIL,10466.569999999978,0.7113530446487519,0.2823777747391565,0.751361679071502,55.85999999999967,-0.8900000000003274,Q2
-1,2026-02-17 08:00:00,2026-02-17 08:30:00,4889.0,4904.0,0.01,-15.0,-15.0,SL,10451.569999999978,0.7414958749239253,0.27982932915277103,1.2461435454438208,2.050000000000182,-16.63000000000011,Q3
1,2026-02-20 14:35:00,2026-02-20 15:30:00,5021.39,5027.13,0.01,5.739999999999782,5.739999999999782,TRAIL,10457.309999999978,0.7495132789108334,0.23003227316833552,0.4045882287432598,10.759999999999309,-3.119999999999891,Q1 low
1,2026-02-23 05:05:00,2026-02-23 05:10:00,5172.7,5157.7,0.01,-15.0,-15.0,SL,10442.309999999978,0.7268325388998634,0.2687597954617335,1.148578348598816,2.369999999999891,-21.149999999999636,Q3
1,2026-02-23 05:45:00,2026-02-23 07:05:00,5169.01,5154.01,0.01,-15.0,-15.0,SL,10427.309999999978,0.8833778033668764,0.5177304683310208,1.148578348598816,2.2899999999999636,-16.860000000000582,Q3
1,2026-02-23 20:10:00,2026-02-23 22:55:00,5214.62,5231.06,0.01,16.44000000000051,16.44000000000051,TRAIL,10443.749999999978,0.7908061050773425,0.30875739520147794,1.373225991217478,23.170000000000073,-13.489999999999782,Q4 high
1,2026-02-24 21:50:00,2026-02-24 22:50:00,5154.7,5167.7,0.01,13.0,13.0,TRAIL,10456.749999999978,0.7770822090337927,0.3005287710991626,0.9043889424537315,18.470000000000255,-8.079999999999927,Q3
1,2026-02-27 16:00:00,2026-02-27 16:25:00,5223.42,5231.54,0.01,8.11999999999989,8.11999999999989,TRAIL,10464.869999999977,0.7044209692972854,0.22366056152281552,1.138714354760766,13.11999999999989,-5.989999999999782,Q3
1,2026-02-27 16:45:00,2026-02-27 17:10:00,5225.55,5231.88,0.01,6.329999999999927,6.329999999999927,TRAIL,10471.199999999977,0.7283694526776346,0.257555397914197,1.138714354760766,11.329999999999927,-9.36999999999989,Q3
1,2026-02-27 17:10:00,2026-02-27 17:25:00,5230.79,5215.79,0.01,-15.0,-15.0,SL,10456.199999999977,0.7696682715097486,0.28141398783423144,1.138714354760766,9.350000000000364,-15.979999999999563,Q3
1,2026-03-02 08:00:00,2026-03-02 08:10:00,5365.820000000001,5374.13,0.01,8.30999999999949,8.30999999999949,TRAIL,10464.509999999977,0.7539824263839662,0.274080649520966,0.8818180442709825,13.30999999999949,-2.9700000000002547,Q3
1,2026-03-02 11:35:00,2026-03-02 12:05:00,5397.39,5382.39,0.01,-15.0,-15.0,SL,10449.509999999977,0.834589710228917,0.320435028458296,0.8818180442709825,2.219999999999345,-18.160000000000764,Q3
1,2026-03-02 13:35:00,2026-03-02 13:45:00,5397.24,5382.24,0.01,-15.0,-15.0,SL,10434.509999999977,0.7898672718395644,0.3472719845730912,0.5518202713724503,2.619999999999891,-21.719999999999345,Q1 low
-1,2026-03-03 21:10:00,2026-03-03 21:15:00,5127.89,5115.33,0.01,12.5600000000004,12.5600000000004,TRAIL,10447.069999999978,0.9337249301157617,0.6926753702502061,0.8565895472042577,25.51000000000022,-0.3999999999996362,Q2
-1,2026-03-03 21:35:00,2026-03-03 21:40:00,5101.74,5116.74,0.01,-15.0,-15.0,SL,10432.069999999978,0.8882952449654298,0.5566869638799196,0.8565895472042577,2.0799999999999272,-17.6200000000008,Q2
-1,2026-03-03 22:00:00,2026-03-03 22:20:00,5113.2,5128.2,0.01,-15.0,-15.0,SL,10417.069999999978,0.8758599775035715,0.5409978028605954,0.8565895472042577,0.9399999999995998,-17.390000000000327,Q2
-1,2026-03-05 20:55:00,2026-03-05 21:20:00,5072.65,5067.45,0.01,5.199999999999818,5.199999999999818,TRAIL,10422.269999999979,0.7085751193675783,0.22766100371855205,0.6717529296874942,10.199999999999818,-9.030000000000655,Q2
-1,2026-03-05 22:35:00,2026-03-06 01:05:00,5076.65,5091.65,0.01,-15.0,-15.0,SL,10407.269999999979,0.7574038577811353,0.28116484435570954,0.6717529296874942,4.269999999999527,-15.650000000000546,Q2
-1,2026-03-06 15:55:00,2026-03-06 16:00:00,5102.22,5079.35,0.01,22.86999999999989,22.86999999999989,TRAIL,10430.139999999978,0.7578425455029558,0.29610174871975914,0.5723225092060743,27.86999999999989,-0.3900000000003274,Q1 low
-1,2026-03-09 04:05:00,2026-03-09 04:05:00,5064.19,5079.19,0.01,-15.0,-15.0,SL,10415.139999999978,0.875095508076899,0.43911904660894185,1.5609971418797084,0.6899999999995998,-18.420000000000982,Q4 high
-1,2026-03-09 05:15:00,2026-03-09 05:25:00,5087.21,5102.21,0.01,-15.0,-15.0,SL,10400.139999999978,0.9199498078516091,0.6786348784634421,1.5609971418797084,2.880000000000109,-15.409999999999854,Q4 high
-1,2026-03-09 05:30:00,2026-03-09 07:05:00,5083.95,5098.95,0.01,-15.0,-15.0,SL,10385.139999999978,0.9316176637128752,0.6598415645820055,1.5609971418797084,2.5999999999994543,-18.44000000000051,Q4 high
1,2026-03-10 22:00:00,2026-03-11 00:00:00,5199.14,5184.14,0.01,-15.0,-15.0,SL,10370.139999999978,0.7373314817374563,0.32588348492690666,0.3336835193696495,0.0,-15.420000000000073,Q1 low
1,2026-03-12 13:25:00,2026-03-12 14:20:00,5179.31,5164.31,0.01,-15.0,-15.0,SL,10355.139999999978,0.7207753393438736,0.23239841737793945,0.7740876331817309,2.119999999999891,-15.38000000000011,Q2
1,2026-03-12 14:45:00,2026-03-12 14:55:00,5174.33,5180.51,0.01,6.180000000000291,6.180000000000291,TRAIL,10361.319999999978,0.7942059255383344,0.3128154110810342,0.7740876331817309,11.270000000000437,-0.3900000000003274,Q2
1,2026-03-12 15:10:00,2026-03-12 15:20:00,5183.2300000000005,5168.2300000000005,0.01,-15.0,-15.0,SL,10346.319999999978,0.7078178909556805,0.2400798289137625,0.7740876331817309,1.4899999999997817,-23.74000000000069,Q2
-1,2026-03-13 15:10:00,2026-03-13 15:35:00,5114.39,5105.76,0.01,8.63000000000011,8.63000000000011,TRAIL,10354.949999999979,0.7755035126150666,0.33983131398421307,0.31679904091114947,17.56999999999971,-1.3099999999994907,Q1 low
-1,2026-03-13 20:15:00,2026-03-13 21:55:00,5042.44,5014.97,0.01,27.469999999999345,27.469999999999345,TRAIL,10382.419999999978,0.8116914811469756,0.34853108139937466,1.1588860850757496,32.469999999999345,-7.680000000000291,Q3
-1,2026-03-13 21:55:00,2026-03-16 00:00:00,5016.26,4998.85,0.01,17.409999999999854,17.409999999999854,TIME,10399.829999999978,0.7042845144756602,0.2604736689625191,1.1588860850757496,17.409999999999854,-9.359999999999673,Q3
-1,2026-03-16 13:50:00,2026-03-16 14:00:00,5011.33,4998.05,0.01,13.279999999999745,13.279999999999745,TRAIL,10413.109999999979,0.9065245700303908,0.5272163910099491,0.8351463959160242,18.279999999999745,-0.680000000000291,Q2
-1,2026-03-16 21:15:00,2026-03-17 00:15:00,5011.68,5005.9400000000005,0.01,5.739999999999782,5.739999999999782,TRAIL,10418.849999999979,0.833487153260772,0.3633832691695385,0.7185276008209825,10.739999999999782,-10.210000000000036,Q2
-1,2026-03-18 16:15:00,2026-03-18 16:30:00,4881.05,4864.62,0.01,16.43000000000029,16.43000000000029,TRAIL,10435.279999999979,0.969221225862103,0.8202906068951494,2.4505055471895827,23.949999999999818,-2.7399999999997817,Q4 high
-1,2026-03-18 16:40:00,2026-03-18 17:00:00,4859.7,4874.7,0.01,-15.0,-15.0,SL,10420.279999999979,0.9601465701873091,0.7625022245833304,2.4505055471895827,1.8299999999999272,-16.079999999999927,Q4 high
-1,2026-03-18 18:00:00,2026-03-18 18:10:00,4862.44,4877.44,0.01,-15.0,-15.0,SL,10405.279999999979,0.957265723786128,0.7724501091085306,2.4505055471895827,1.199999999999818,-17.160000000000764,Q4 high
-1,2026-03-19 12:00:00,2026-03-19 12:05:00,4699.07,4714.07,0.01,-15.0,-15.0,SL,10390.279999999979,0.9646240534298948,0.7974867182572162,2.288936121469804,0.6699999999991633,-21.080000000000837,Q4 high
-1,2026-03-19 12:15:00,2026-03-19 12:20:00,4704.34,4693.85,0.01,10.489999999999782,10.489999999999782,TRAIL,10400.769999999979,0.9691112793359693,0.796792439898996,2.288936121469804,15.489999999999782,-1.4200000000000728,Q4 high
-1,2026-03-19 12:30:00,2026-03-19 12:30:00,4682.98,4697.98,0.01,-15.0,-15.0,SL,10385.769999999979,0.9555907629447588,0.746587297185397,2.288936121469804,8.219999999999345,-17.910000000000764,Q4 high
-1,2026-03-20 06:45:00,2026-03-20 07:35:00,4719.92,4707.46,0.01,12.460000000000036,12.460000000000036,TRAIL,10398.229999999978,0.7751938623647915,0.3188857622743103,-0.32669381573722817,17.529999999999745,-4.109999999999673,Q1 low
-1,2026-03-23 04:20:00,2026-03-23 04:35:00,4403.72,4386.650000000001,0.01,17.06999999999971,17.06999999999971,TRAIL,10415.299999999977,0.798479170138074,0.33058805838915273,0.9822391621843151,22.06999999999971,-10.819999999999709,Q3
-1,2026-03-23 04:35:00,2026-03-23 04:40:00,4388.27,4375.88,0.01,12.390000000000327,12.390000000000327,TRAIL,10427.689999999977,0.7613233738919067,0.27249617828910705,0.9822391621843151,18.43000000000029,-3.5,Q3
-1,2026-03-23 04:50:00,2026-03-23 04:55:00,4373.54,4360.2,0.01,13.340000000000146,13.340000000000146,TRAIL,10441.029999999977,0.7924257231555573,0.3094626573772773,0.9822391621843151,18.340000000000146,-6.610000000000582,Q3
-1,2026-03-26 09:10:00,2026-03-26 09:25:00,4450.7,4444.360000000001,0.01,6.339999999999236,6.339999999999236,TRAIL,10447.369999999977,0.7144923390289644,0.25658980714940455,1.1822445005283457,11.339999999999236,-1.410000000000764,Q3
-1,2026-03-26 10:25:00,2026-03-26 10:45:00,4432.21,4417.900000000001,0.01,14.30999999999949,14.30999999999949,TRAIL,10461.679999999977,0.7723707080266148,0.28883581798191177,1.1822445005283457,19.30999999999949,-9.659999999999854,Q3
-1,2026-03-26 10:45:00,2026-03-26 10:50:00,4419.81,4434.81,0.01,-15.0,-15.0,SL,10446.679999999977,0.7283044928423242,0.2636342820946377,1.1822445005283457,1.0,-17.800000000000182,Q3
-1,2026-03-27 18:35:00,2026-03-27 18:45:00,4518.13,4510.89,0.01,7.239999999999782,7.239999999999782,TRAIL,10453.919999999976,0.7321732347115216,0.30502722750213723,-0.04401192760223165,12.239999999999782,-0.3000000000001819,Q1 low
-1,2026-03-30 07:00:00,2026-03-30 08:15:00,4495.99,4510.99,0.01,-15.0,-15.0,SL,10438.919999999976,0.8321481048700288,0.4229585875714099,0.5635498291365858,9.469999999999345,-17.530000000000655,Q1 low
1,2026-03-30 13:20:00,2026-03-30 14:30:00,4537.320000000001,4542.85,0.01,5.529999999999745,5.529999999999745,TRAIL,10444.449999999975,0.7084758013060025,0.2422231389875354,0.599227401493684,10.529999999999745,-11.820000000000618,Q2
1,2026-03-30 18:00:00,2026-03-30 18:50:00,4539.070000000001,4551.35,0.01,12.279999999999745,12.279999999999745,TRAIL,10456.729999999974,0.7262037687901498,0.2573799433779933,0.46684714881181255,17.279999999999745,-14.240000000000691,Q1 low
1,2026-04-01 05:55:00,2026-04-01 07:15:00,4687.33,4672.33,0.01,-15.0,-15.0,SL,10441.729999999974,0.8098856477962488,0.3567660977034101,0.6165120552615874,6.899999999999636,-20.23999999999978,Q2
1,2026-04-01 07:40:00,2026-04-01 08:20:00,4675.75,4683.05,0.01,7.300000000000182,7.300000000000182,TRAIL,10449.029999999973,0.8647992439139129,0.4284120147079937,0.6165120552615874,12.300000000000182,-2.800000000000182,Q2
1,2026-04-01 12:50:00,2026-04-01 13:50:00,4727.01,4733.86,0.01,6.849999999999454,6.849999999999454,TRAIL,10455.879999999972,0.7397508190973422,0.23830234965310887,0.8145471578172466,11.849999999999454,-11.75,Q2
1,2026-04-02 06:35:00,2026-04-02 06:50:00,4691.47,4676.47,0.01,-15.0,-15.0,SL,10440.879999999972,0.7432793494685165,0.32846688130237434,0.4043875088880752,0.8800000000001091,-15.69000000000051,Q1 low
1,2026-04-02 21:05:00,2026-04-02 21:50:00,4653.81,4664.18,0.01,10.36999999999989,10.36999999999989,TRAIL,10451.24999999997,0.7131619435393799,0.2435147366332359,0.7709556245136339,16.4399999999996,-3.880000000000109,Q2
1,2026-04-02 23:55:00,2026-04-06 01:00:00,4671.860000000001,4649.62,0.01,-22.24000000000069,-22.24000000000069,TIME,10429.00999999997,0.700748703973343,0.21530553696339164,0.7709556245136339,5.579999999999018,-22.24000000000069,Q2
1,2026-04-06 15:40:00,2026-04-06 16:21:00,4676.88,4661.88,0.01,-15.0,-15.0,SL,10414.00999999997,0.7377151925976381,0.2544364399778879,0.5166477392641545,4.220000000000255,-17.029999999999745,Q1 low
1,2026-04-08 05:05:00,2026-04-08 05:55:00,4817.53,4802.53,0.01,-15.0,-15.0,SL,10399.00999999997,0.9477513576815136,0.7505438094084408,1.6979139617415244,3.1400000000003274,-16.6899999999996,Q4 high
1,2026-04-08 06:30:00,2026-04-08 08:32:00,4803.2300000000005,4815.54,0.01,12.30999999999949,12.30999999999949,TRAIL,10411.319999999969,0.954547740792706,0.8020356006294357,1.6979139617415244,17.30999999999949,-13.020000000000437,Q4 high
1,2026-04-09 22:05:00,2026-04-09 23:41:00,4776.52,4761.52,0.01,-15.0,-15.0,SL,10396.319999999969,0.7830654190771842,0.31342120991383954,0.7435716321548576,6.089999999999236,-15.070000000000618,Q2
1,2026-04-09 23:55:00,2026-04-10 01:01:00,4767.77,4774.34,0.01,6.569999999999709,6.569999999999709,TRAIL,10402.889999999968,0.8402259103005681,0.4444868413095892,0.7435716321548576,11.569999999999709,-3.430000000000291,Q2
1,2026-05-06 12:00:00,2026-05-06 13:45:00,4700.610000000001,4711.06,0.01,10.449999999999818,10.449999999999818,TRAIL,10413.339999999967,0.7452156624376125,0.2606877724789169,1.2901722830209277,15.449999999999818,-11.490000000000691,Q3
1,2026-05-06 13:50:00,2026-05-06 13:55:00,4711.18,4717.81,0.01,6.630000000000109,6.630000000000109,TRAIL,10419.969999999968,0.7635105900166287,0.3323351588838106,1.2901722830209277,11.63000000000011,-1.050000000000182,Q3
1,2026-05-06 14:05:00,2026-05-06 14:40:00,4713.820000000001,4698.820000000001,0.01,-15.0,-15.0,SL,10404.969999999968,0.8320016787933321,0.44329422987976447,1.2901722830209277,7.339999999999236,-15.530000000000655,Q3
1,2026-05-07 13:55:00,2026-05-07 15:35:00,4737.360000000001,4744.65,0.01,7.289999999999054,7.289999999999054,TRAIL,10412.259999999967,0.797850143784433,0.3537061040164067,0.8852739103566208,12.359999999999673,-10.100000000000364,Q3
1,2026-05-07 15:40:00,2026-05-07 16:10:00,4746.53,4731.53,0.01,-15.0,-15.0,SL,10397.259999999967,0.7477552707820707,0.2530639965290881,0.8852739103566208,6.260000000000218,-15.289999999999964,Q3
1,2026-05-11 21:00:00,2026-05-11 23:10:00,4723.93,4732.94,0.01,9.009999999999309,9.009999999999309,TRAIL,10406.269999999968,0.7231821522805688,0.28252321314346734,0.43236678873026657,14.009999999999309,-2.8299999999999272,Q1 low
1,2026-05-12 05:55:00,2026-05-12 07:50:00,4732.64,4717.64,0.01,-15.0,-15.0,SL,10391.269999999968,0.7719739961188391,0.33153112885793523,0.32344885078001046,0.5499999999992724,-20.01000000000022,Q1 low
1,2026-05-14 07:10:00,2026-05-14 07:30:00,4679.1900000000005,4702.49,0.01,23.299999999999272,23.299999999999272,TRAIL,10414.569999999967,0.7342355663294744,0.3052368876859999,0.39329881466901756,28.299999999999272,-2.0200000000004366,Q1 low
-1,2026-05-15 07:40:00,2026-05-15 08:15:00,4611.34,4594.01,0.01,17.329999999999927,17.329999999999927,TRAIL,10431.899999999967,0.7414906404343374,0.3201693032954881,0.7000000000000332,29.23999999999978,-2.4099999999998545,Q2
-1,2026-05-15 10:40:00,2026-05-15 11:05:00,4577.15,4562.650000000001,0.01,14.49999999999909,14.49999999999909,TRAIL,10446.399999999965,0.7873748012045322,0.33766141457287846,0.7789956203054866,19.49999999999909,-1.930000000000291,Q2
-1,2026-05-15 11:10:00,2026-05-15 11:20:00,4566.48,4557.99,0.01,8.489999999999782,8.489999999999782,TRAIL,10454.889999999965,0.7168356981916488,0.25524473143979315,0.7789956203054866,13.489999999999782,-0.9600000000009459,Q2
-1,2026-05-18 06:15:00,2026-05-18 06:40:00,4529.68,4544.68,0.01,-15.0,-15.0,SL,10439.889999999965,0.7761876127297208,0.30803259219906853,0.3820628447207196,4.140000000000327,-18.349999999999454,Q1 low
-1,2026-05-19 20:35:00,2026-05-19 21:35:00,4504.17,4498.54,0.01,5.630000000000109,5.630000000000109,TRAIL,10445.519999999964,0.8109015398457297,0.40965222915530625,0.6777913221098301,10.63000000000011,-3.1700000000000728,Q2
-1,2026-05-20 08:50:00,2026-05-20 10:05:00,4465.46,4480.46,0.01,-15.0,-15.0,SL,10430.519999999964,0.8366111507354617,0.3799272441304155,0.916153975458076,3.7600000000002183,-18.38000000000011,Q3
-1,2026-05-20 11:10:00,2026-05-20 13:35:00,4479.22,4494.22,0.01,-15.0,-15.0,SL,10415.519999999964,0.871849758906684,0.4919744486031912,0.916153975458076,6.119999999999891,-18.25,Q3
-1,2026-05-26 23:30:00,2026-05-27 01:00:00,4506.24,4521.24,0.01,-15.0,-15.0,SL,10400.519999999964,0.7987204894593014,0.331413627018201,0.5302952597259744,2.1799999999993815,-31.220000000000255,Q1 low
-1,2026-05-27 16:00:00,2026-05-27 16:10:00,4438.47,4416.96,0.01,21.51000000000022,21.51000000000022,TRAIL,10422.029999999964,0.9452088804216635,0.6790995314597944,1.9112583702124881,26.899999999999636,-0.8900000000003274,Q4 high
-1,2026-05-27 16:15:00,2026-05-27 16:25:00,4416.55,4411.2,0.01,5.350000000000364,5.350000000000364,TRAIL,10427.379999999965,0.9197656966745895,0.5913118504542145,1.9112583702124881,10.350000000000364,-5.100000000000364,Q4 high
-1,2026-05-27 16:30:00,2026-05-27 16:30:00,4404.54,4419.54,0.01,-15.0,-15.0,SL,10412.379999999965,0.8943656292717707,0.5180128471603209,1.9112583702124881,0.0,-20.350000000000364,Q4 high
-1,2026-05-28 08:05:00,2026-05-28 08:30:00,4369.96,4384.96,0.01,-15.0,-15.0,SL,10397.379999999965,0.9015518330649942,0.5231395473782429,2.148693317749301,1.5299999999997453,-18.150000000000546,Q4 high
-1,2026-05-28 09:10:00,2026-05-28 10:15:00,4380.11,4395.11,0.01,-15.0,-15.0,SL,10382.379999999965,0.9685742768421435,0.7968376864550776,2.148693317749301,5.529999999999745,-15.450000000000728,Q4 high
-1,2026-05-28 10:35:00,2026-05-28 13:55:00,4389.68,4380.67,0.01,9.010000000000218,9.010000000000218,TRAIL,10391.389999999965,0.9800311553148042,0.9048331666367839,2.148693317749301,14.010000000000218,-14.6899999999996,Q4 high
1,2026-05-29 20:00:00,2026-05-29 20:50:00,4567.5,4552.5,0.01,-15.0,-15.0,SL,10376.389999999965,0.7415611552399384,0.26204605606821524,0.9736338473705302,1.1199999999998909,-15.020000000000437,Q3
1,2026-05-29 21:15:00,2026-05-29 22:55:00,4558.45,4543.45,0.01,-15.0,-15.0,SL,10361.389999999965,0.8215959743093019,0.4019292116493466,0.9736338473705302,3.300000000000182,-15.460000000000036,Q3
1,2026-06-01 07:00:00,2026-06-01 09:45:00,4516.55,4501.55,0.01,-15.0,-15.0,SL,10346.389999999965,0.7449403951330589,0.32124791125555774,0.39677522463331766,8.639999999999418,-15.650000000000546,Q1 low
-1,2026-06-03 12:20:00,2026-06-03 12:35:00,4450.14,4444.71,0.01,5.430000000000291,5.430000000000291,TRAIL,10351.819999999965,0.7013636734958262,0.28513082360251124,0.8036579292860617,10.840000000000146,-2.119999999999891,Q2
-1,2026-06-03 13:45:00,2026-06-03 16:45:00,4454.11,4432.820000000001,0.01,21.289999999999054,21.289999999999054,TRAIL,10373.109999999964,0.786755611519135,0.3464942438825446,0.8036579292860617,27.50999999999931,-14.240000000000691,Q2
-1,2026-06-03 22:55:00,2026-06-04 01:00:00,4444.97,4435.42,0.01,9.550000000000182,9.550000000000182,TRAIL,10382.659999999963,0.7812564450905112,0.31759031631897244,0.5817935702199876,14.550000000000182,-0.7200000000002547,Q1 low
-1,2026-06-04 15:05:00,2026-06-04 16:35:00,4497.33,4512.33,0.01,-15.0,-15.0,SL,10367.659999999963,0.8135214786367861,0.27550253925345236,0.554719347757944,5.759999999999309,-15.280000000000655,Q1 low
-1,2026-06-04 22:45:00,2026-06-05 02:05:00,4477.97,4469.55,0.01,8.420000000000073,8.420000000000073,TRAIL,10376.079999999964,0.7031630756694611,0.2195217265843378,0.6234033181618246,13.420000000000073,-4.760000000000218,Q2
-1,2026-06-05 16:05:00,2026-06-05 16:35:00,4411.79,4403.55,0.01,8.239999999999782,8.239999999999782,TRAIL,10384.319999999963,0.7870487782118766,0.2945170406996614,1.4931675140335228,13.239999999999782,-9.5,Q4 high
-1,2026-06-05 16:35:00,2026-06-05 16:40:00,4405.06,4391.360000000001,0.01,13.699999999999818,13.699999999999818,TRAIL,10398.019999999964,0.7681530138863736,0.25670691331139106,1.4931675140335228,18.699999999999818,-0.3000000000001819,Q4 high
-1,2026-06-05 18:10:00,2026-06-05 18:20:00,4362.06,4354.43,0.01,7.630000000000109,7.630000000000109,TRAIL,10405.649999999965,0.7242820362424789,0.2744222788246192,1.4931675140335228,12.63000000000011,-0.46999999999934516,Q4 high
-1,2026-06-08 09:35:00,2026-06-08 10:20:00,4299.31,4314.31,0.01,-15.0,-15.0,SL,10390.649999999965,0.72451867822792,0.26140306114801976,0.6608532074990374,5.8100000000004,-16.019999999999527,Q2
-1,2026-06-08 11:00:00,2026-06-08 12:35:00,4294.76,4278.34,0.01,16.420000000000073,16.420000000000073,TRAIL,10407.069999999965,0.7190566949511287,0.22843428320650772,0.6608532074990374,21.420000000000073,-2.680000000000291,Q2
-1,2026-06-08 12:55:00,2026-06-08 14:10:00,4293.72,4308.72,0.01,-15.0,-15.0,SL,10392.069999999965,0.7522777231449395,0.32639436225223295,0.5276110349608244,7.239999999999782,-25.159999999999854,Q1 low
-1,2026-06-09 20:40:00,2026-06-09 22:50:00,4262.83,4255.53,0.01,7.300000000000182,7.300000000000182,TRAIL,10399.369999999966,0.9052620239564809,0.5091595952240197,1.830638434861533,12.569999999999709,-11.75,Q4 high
-1,2026-06-09 23:10:00,2026-06-10 01:57:00,4257.55,4237.67,0.01,19.88000000000011,19.88000000000011,TRAIL,10419.249999999967,0.9278849235935874,0.7061814110686726,1.830638434861533,24.88000000000011,-4.619999999999891,Q4 high
-1,2026-06-10 07:15:00,2026-06-10 08:40:00,4181.2,4196.2,0.01,-15.0,-15.0,SL,10404.249999999967,0.7088018163589185,0.24169202638853415,0.8788171434280553,8.389999999999418,-15.180000000000291,Q3
-1,2026-06-10 10:15:00,2026-06-10 10:59:00,4200.31,4187.06,0.01,13.25,13.25,TRAIL,10417.499999999967,0.9306962405669486,0.6646176284518513,1.000310868960574,18.36999999999989,-3.7399999999997817,Q3
-1,2026-06-10 11:00:00,2026-06-10 11:05:00,4186.15,4166.6900000000005,0.01,19.459999999999127,19.459999999999127,TRAIL,10436.959999999966,0.7975602530212357,0.347025965276533,1.000310868960574,24.459999999999127,-1.6200000000008004,Q3
-1,2026-06-11 05:10:00,2026-06-11 05:32:00,4094.86,4076.75,0.01,18.110000000000127,18.110000000000127,TRAIL,10455.069999999967,0.7522135768958204,0.24642912726887092,-0.08105940175303701,23.110000000000127,-3.150000000000091,Q1 low
1,2026-06-15 10:10:00,2026-06-15 11:29:00,4312.88,4327.77,0.01,14.890000000000327,14.890000000000327,TRAIL,10469.959999999966,0.8453592620209357,0.4604353391749228,0.6126356722699082,19.890000000000327,-2.7399999999997817,Q2
1,2026-06-16 15:10:00,2026-06-16 16:04:00,4343.39,4349.83,0.01,6.4399999999996,6.4399999999996,TRAIL,10476.399999999965,0.7363170882231833,0.25614133012281354,0.5920542635658985,11.549999999999272,-6.0,Q1 low
1,2026-06-17 21:40:00,2026-06-17 21:43:00,4303.03,4310.55,0.01,7.520000000000437,7.520000000000437,TRAIL,10483.919999999966,0.8934612773142836,0.41287876114936894,0.9876785519573485,16.890000000000327,-6.609999999999673,Q3
1,2026-06-17 23:10:00,2026-06-17 23:22:00,4254.47,4264.58,0.01,10.109999999999673,10.109999999999673,TRAIL,10494.029999999966,0.9160222515616779,0.6085226340335007,0.9876785519573485,15.109999999999673,-1.5300000000006548,Q3
1,2026-06-17 23:30:00,2026-06-18 01:26:00,4258.5,4265.61,0.01,7.109999999999673,7.109999999999673,TRAIL,10501.139999999967,0.9037829803568334,0.6206426553363908,0.9876785519573485,12.850000000000364,-4.609999999999673,Q3
1,2026-06-18 06:20:00,2026-06-18 09:07:00,4315.26,4300.26,0.01,-15.0,-15.0,SL,10486.139999999967,0.7729825721247822,0.24258404918579177,1.3275930138557808,9.479999999999563,-18.199999999999818,Q4 high
-1,2026-06-18 16:50:00,2026-06-18 17:02:00,4260.06,4246.81,0.01,13.25,13.25,TRAIL,10499.389999999967,0.7865330938401188,0.300558786481575,0.5046517300254653,18.25,-3.639999999999418,Q1 low
-1,2026-06-18 23:35:00,2026-06-19 01:10:00,4216.05,4207.87,0.01,8.180000000000291,8.180000000000291,TRAIL,10507.569999999967,0.7131641675611294,0.21250662356327849,0.6267789235955717,13.180000000000291,-2.7399999999997817,Q2
-1,2026-06-19 08:40:00,2026-06-19 09:13:00,4131.44,4146.44,0.01,-15.0,-15.0,SL,10492.569999999967,0.7642803183432,0.322734071490515,1.39710455764082,0.13999999999941792,-15.170000000000982,Q4 high
-1,2026-06-19 09:30:00,2026-06-19 10:06:00,4142.11,4157.11,0.01,-15.0,-15.0,SL,10477.569999999967,0.8785967226825171,0.4532662636499787,1.39710455764082,8.9399999999996,-15.010000000000218,Q4 high
-1,2026-06-19 11:40:00,2026-06-19 13:09:00,4169.07,4158.29,0.01,10.779999999999745,10.779999999999745,TRAIL,10488.349999999966,0.9761422392951992,0.8618766710046494,1.39710455764082,15.779999999999745,-3.360000000000582,Q4 high
-1,2026-06-22 10:00:00,2026-06-22 13:11:00,4197.69,4212.69,0.01,-15.0,-15.0,SL,10473.349999999966,0.7190678653991437,0.22716145494468296,0.3455000894614529,8.729999999999563,-16.800000000000182,Q1 low
-1,2026-06-23 08:10:00,2026-06-23 08:32:00,4127.97,4122.4800000000005,0.01,5.489999999999782,5.489999999999782,TRAIL,10478.839999999966,0.8834482073940899,0.5559385409550949,1.7881494057725071,10.489999999999782,-3.2399999999997817,Q4 high
-1,2026-06-23 08:40:00,2026-06-23 09:11:00,4125.45,4116.54,0.01,8.909999999999854,8.909999999999854,TRAIL,10487.749999999965,0.9169647580623906,0.6243989040076822,1.7881494057725071,13.909999999999854,-3.7899999999999636,Q4 high
-1,2026-06-23 09:30:00,2026-06-23 11:03:00,4116.54,4097.26,0.01,19.279999999999745,19.279999999999745,TRAIL,10507.029999999966,0.9015297945577155,0.535961950813632,1.7881494057725071,24.279999999999745,-8.579999999999927,Q4 high
-1,2026-06-24 08:05:00,2026-06-24 08:30:00,4062.01,4077.01,0.01,-15.0,-15.0,SL,10492.029999999966,0.8039431718375739,0.37126133978448744,0.822525719611418,0.8899999999998727,-16.559999999999945,Q2
-1,2026-06-24 10:15:00,2026-06-24 11:25:00,4086.11,4079.03,0.01,7.079999999999927,7.079999999999927,TRAIL,10499.109999999966,0.8768957419567601,0.4974112037069079,0.822525719611418,12.739999999999782,-1.9700000000002547,Q2
-1,2026-06-24 11:50:00,2026-06-24 12:53:00,4078.78,4070.9300000000003,0.01,7.849999999999909,7.849999999999909,TRAIL,10506.959999999966,0.7961783587476494,0.37915424085649063,0.822525719611418,13.0,-1.9400000000000546,Q2
-1,2026-06-26 10:45:00,2026-06-26 12:19:00,4031.52,4046.52,0.01,-15.0,-15.0,SL,10491.959999999966,0.7237511522792354,0.27257009930982184,0.19627391114712336,5.399999999999636,-15.519999999999982,Q1 low
-1,2026-06-30 11:20:00,2026-06-30 14:45:00,4021.94,4036.94,0.01,-15.0,-15.0,SL,10476.959999999966,0.7962179995157349,0.3768509283741705,0.04372891159741391,9.199999999999818,-15.230000000000018,Q1 low
-1,2026-07-01 11:40:00,2026-07-01 13:04:00,3973.0,3988.0,0.01,-15.0,-15.0,SL,10461.959999999966,0.7161728476913884,0.23950512680949668,0.5308031840645995,1.4299999999998363,-16.789999999999964,Q1 low
-1,2026-07-01 15:05:00,2026-07-01 16:09:00,4024.22,4018.1800000000003,0.01,6.039999999999509,6.039999999999509,TRAIL,10467.999999999965,0.7993579891364081,0.28410616226985846,0.05744064401968302,11.039999999999509,-9.220000000000255,Q1 low
1,2026-07-02 17:55:00,2026-07-02 19:30:00,4124.26,4109.26,0.01,-15.0,-15.0,SL,10452.999999999965,0.7401691097283546,0.27540959683369665,0.9275172919389011,7.229999999999563,-17.8100000000004,Q3
1,2026-07-02 19:50:00,2026-07-02 23:50:00,4117.860000000001,4119.6,0.01,1.7399999999997817,1.7399999999997817,TIME,10454.739999999965,0.8464466744898202,0.4239865080151015,0.9275172919389011,9.039999999999054,-12.100000000000364,Q3
1,2026-07-03 08:05:00,2026-07-03 09:04:00,4180.9800000000005,4165.9800000000005,0.01,-15.0,-15.0,SL,10439.739999999965,0.7064681986690227,0.22616925055310547,0.7424455141062024,0.9399999999995998,-16.300000000000182,Q2
1,2026-07-03 09:35:00,2026-07-03 10:12:00,4169.88,4175.5,0.01,5.619999999999891,5.619999999999891,TRAIL,10445.359999999964,0.8528109254670547,0.403129489668711,0.7424455141062024,11.319999999999709,-1.4700000000002547,Q2
1,2026-07-03 10:30:00,2026-07-03 11:40:00,4175.88,4181.14,0.01,5.260000000000218,5.260000000000218,TRAIL,10450.619999999964,0.7787906941960953,0.35394435691259246,0.7424455141062024,10.63000000000011,-2.050000000000182,Q2
1,2026-07-07 16:00:00,2026-07-07 16:57:00,4172.81,4157.81,0.01,-15.0,-15.0,SL,10435.619999999964,0.7424600498472047,0.254550285541052,1.569228534069516,7.6899999999996,-15.3100000000004,Q4 high
1,2026-07-07 17:30:00,2026-07-07 17:42:00,4158.68,4143.68,0.01,-15.0,-15.0,SL,10420.619999999964,0.9096311524401532,0.5922998769269594,1.569228534069516,0.6099999999996726,-15.039999999999964,Q4 high
1,2026-07-07 17:50:00,2026-07-07 18:18:00,4156.85,4141.85,0.01,-15.0,-15.0,SL,10405.619999999964,0.9094560200033054,0.518837431727334,1.569228534069516,0.42000000000007276,-15.110000000000582,Q4 high
-1,2026-07-08 12:00:00,2026-07-08 12:46:00,4056.87,4050.0,0.01,6.869999999999891,6.869999999999891,TRAIL,10412.489999999965,0.8489904415362496,0.4070292614995126,1.8587747027908377,11.86999999999989,-4.400000000000091,Q4 high
-1,2026-07-08 12:50:00,2026-07-08 14:44:00,4049.87,4064.87,0.01,-15.0,-15.0,SL,10397.489999999965,0.7361111118987039,0.28786648097444,1.8587747027908377,8.849999999999909,-16.300000000000182,Q4 high
-1,2026-07-08 15:25:00,2026-07-08 15:46:00,4067.44,4082.44,0.01,-15.0,-15.0,SL,10382.489999999965,0.9643939903876758,0.8093531914514844,1.8587747027908377,0.0,-15.400000000000091,Q4 high
-1,2026-07-09 10:15:00,2026-07-09 11:23:00,4101.56,4116.56,0.01,-15.0,-15.0,SL,10367.489999999965,0.8170216200759138,0.3453627544511379,0.23545533823345166,0.0,-16.460000000000036,Q1 low
-1,2026-07-13 05:55:00,2026-07-13 06:14:00,4070.48,4058.27,0.01,12.210000000000036,12.210000000000036,TRAIL,10379.699999999964,0.7155701186334765,0.2875964965815666,0.701542211597087,17.210000000000036,-1.7200000000002547,Q2
-1,2026-07-13 20:00:00,2026-07-14 01:00:00,3993.35,4003.53,0.01,-10.180000000000291,-10.180000000000291,TIME,10369.519999999964,0.9005115809563385,0.5793394871723546,2.1614198622584375,6.419999999999618,-13.100000000000364,Q4 high
-1,2026-07-15 10:20:00,2026-07-15 11:18:00,4029.29,4023.59,0.01,5.699999999999818,5.699999999999818,TRAIL,10375.219999999965,0.700587994578101,0.25329767717035506,0.6783245072080043,11.579999999999927,-0.830000000000382,Q2
-1,2026-07-15 21:45:00,2026-07-15 22:02:00,4067.67,4062.6000000000004,0.01,5.069999999999709,5.069999999999709,TRAIL,10380.289999999964,0.9201785432187323,0.6177102287676614,0.9279019743412522,10.069999999999709,-1.2300000000000182,Q3
-1,2026-07-15 22:05:00,2026-07-15 22:42:00,4061.08,4053.11,0.01,7.9699999999998,7.9699999999998,TRAIL,10388.259999999964,0.8674669071330148,0.49462659685125254,0.9279019743412522,12.9699999999998,-1.7100000000000364,Q3
-1,2026-07-16 16:10:00,2026-07-16 16:24:00,3983.97,3998.97,0.01,-15.0,-15.0,SL,10373.259999999964,0.7024740752193178,0.22438607946225284,1.2133877748053585,1.5799999999994725,-15.890000000000327,Q3
-1,2026-07-16 16:35:00,2026-07-16 16:40:00,3993.17,3987.1200000000003,0.01,6.049999999999727,6.049999999999727,TRAIL,10379.309999999963,0.7753476757891308,0.3303533448892451,1.2133877748053585,11.049999999999727,-1.150000000000091,Q3
-1,2026-07-16 17:10:00,2026-07-16 18:24:00,3992.76,4007.76,0.01,-15.0,-15.0,SL,10364.309999999963,0.7417724408528025,0.23723319551988165,1.2133877748053585,5.2800000000002,-16.860000000000127,Q3
-1,2026-07-17 09:45:00,2026-07-17 13:45:00,3996.27,3996.7200000000003,0.01,-0.45000000000027285,-0.45000000000027285,TIME,10363.859999999962,0.7223769096945529,0.23390243916438236,0.3165538351542692,8.039999999999964,-6.519999999999982,Q1 low
-1,2026-07-17 17:55:00,2026-07-17 18:04:00,3994.18,4009.18,0.01,-15.0,-15.0,SL,10348.859999999962,0.847925960562638,0.4039696139885471,0.8348637535419454,0.9499999999998181,-19.870000000000346,Q2
-1,2026-07-17 19:55:00,2026-07-17 22:31:00,4015.95,4007.61,0.01,8.33999999999969,8.33999999999969,TRAIL,10357.199999999963,0.92419958256497,0.7035565862883688,0.8348637535419454,13.33999999999969,-3.5900000000001455,Q2
1,2026-07-21 12:50:00,2026-07-21 15:43:00,4066.6800000000003,4051.6800000000003,0.01,-15.0,-15.0,SL,10342.199999999963,0.7048425730506334,0.25899987477547526,0.40758481279660314,3.5299999999997453,-15.250000000000455,Q1 low
1,2026-07-22 08:15:00,2026-07-22 09:57:00,4128.84,4113.84,0.01,-15.0,-15.0,SL,10327.199999999963,0.8917998946083392,0.5392092257138431,0.9934088220380609,6.460000000000036,-15.420000000000073,Q3
1,2026-07-22 10:20:00,2026-07-22 14:20:00,4119.21,4120.99,0.01,1.7799999999997453,1.7799999999997453,TIME,10328.979999999963,0.90359543174257,0.5125717296940446,0.9934088220380609,3.800000000000182,-9.949999999999818,Q3
1,2026-07-22 20:30:00,2026-07-22 22:53:00,4146.360000000001,4131.360000000001,0.01,-15.0,-15.0,SL,10313.979999999963,0.8833380933942322,0.4998432791416901,1.1059660362247912,1.2499999999990905,-15.110000000000582,Q3
1,2026-07-23 05:40:00,2026-07-23 06:42:00,4119.17,4128.1,0.01,8.930000000000291,8.930000000000291,TRAIL,10322.909999999963,0.7372006733445021,0.2623194728760863,0.5083415112855368,13.930000000000291,-1.2200000000002547,Q1 low
-1,2026-07-24 08:55:00,2026-07-24 09:26:00,4023.53,4038.53,0.01,-15.0,-15.0,SL,10307.909999999963,0.725556065928496,0.24046927471155094,0.7913765002223031,1.2600000000002183,-15.820000000000164,Q2
-1,2026-07-24 10:40:00,2026-07-24 13:18:00,4047.09,4062.09,0.01,-15.0,-15.0,SL,10292.909999999963,0.9124921609138816,0.5698884033082511,0.7913765002223031,1.6700000000000728,-15.0300000000002,Q2
-1,2026-07-28 10:00:00,2026-07-28 13:02:00,4048.35,4025.5,0.01,22.84999999999991,22.84999999999991,TRAIL,10315.759999999964,0.8072735524248893,0.38185527697777116,0.5894617134192527,28.7199999999998,-7.290000000000418,Q1 low
-1,2026-07-28 16:30:00,2026-07-28 17:24:00,4028.92,4016.9100000000003,0.01,12.009999999999764,12.009999999999764,TRAIL,10327.769999999964,0.7112288844368637,0.24244157045543527,0.5858675739334803,17.009999999999764,-5.019999999999982,Q1 low
-1,2026-07-28 19:50:00,2026-07-28 22:34:00,4037.99,4027.8700000000003,0.01,10.119999999999436,10.119999999999436,TRAIL,10337.889999999963,0.7846138701652988,0.3532561482872296,0.5858675739334803,15.819999999999709,-3.880000000000564,Q1 low
-1,2026-07-29 19:15:00,2026-07-29 19:54:00,4009.49,4024.49,0.01,-15.0,-15.0,SL,10322.889999999963,0.7264907073874154,0.26067756867616576,0.6307779874778545,1.3599999999996726,-16.500000000000455,Q2
-1,2026-07-30 10:40:00,2026-07-30 11:12:00,4040.55,4055.55,0.01,-15.0,-15.0,SL,10307.889999999963,0.7556241126214607,0.27979979292295654,0.8077160493827079,3.5900000000001455,-16.0,Q2
1,2026-07-30 20:00:00,2026-07-31 01:00:00,4111.06,4104.52,0.01,-6.539999999999964,-6.539999999999964,TIME,10301.349999999962,0.7106703713556052,0.2867139697724087,1.1377650073774623,6.199999999999818,-12.600000000000364,Q3
-1,2026-08-03 07:55:00,2026-08-03 08:24:00,4067.84,4059.5,0.01,8.340000000000146,8.340000000000146,TRAIL,10309.689999999962,0.7576921290728647,0.3350900384396558,0.496870201960556,13.340000000000146,-0.6900000000000546,Q1 low
1,2026-08-04 18:40:00,2026-08-04 20:08:00,4083.7400000000002,4101.37,0.01,17.629999999999654,17.629999999999654,TRAIL,10327.319999999962,0.7020415172312728,0.25006875819999597,0.5992807117168286,22.629999999999654,-0.930000000000291,Q2
1,2026-08-04 22:10:00,2026-08-05 02:02:00,4084.36,4069.36,0.01,-15.0,-15.0,SL,10312.319999999962,0.8818552980620779,0.5188260946827864,0.8469575573841402,1.4899999999997817,-15.309999999999945,Q2
1,2026-08-05 08:00:00,2026-08-05 08:48:00,4135.84,4166.47,0.01,30.63000000000011,30.63000000000011,TRAIL,10342.94999999996,0.8315582739829934,0.3988717286046999,1.7823008424742564,35.63000000000011,-1.110000000000582,Q4 high
1,2026-08-05 08:55:00,2026-08-05 09:44:00,4167.42,4173.4,0.01,5.979999999999563,5.979999999999563,TRAIL,10348.92999999996,0.7343618064543689,0.27214345718742045,1.7823008424742564,10.979999999999563,-7.170000000000073,Q4 high
1,2026-08-05 09:45:00,2026-08-05 11:47:00,4176.1900000000005,4161.1900000000005,0.01,-15.0,-15.0,SL,10333.92999999996,0.8480619224754365,0.41916233124559177,1.7823008424742564,3.2299999999995634,-16.350000000000364,Q4 high
1,2026-08-06 05:15:00,2026-08-06 05:48:00,4295.28,4280.28,0.01,-15.0,-15.0,SL,10318.92999999996,0.8475529322246717,0.3799729060591424,1.179463125992373,4.5700000000006185,-17.4399999999996,Q3
1,2026-08-06 15:00:00,2026-08-06 16:05:00,4263.58,4248.58,0.01,-15.0,-15.0,SL,10303.92999999996,0.7433790719743408,0.22518613318112604,0.3800129256097463,7.230000000000473,-17.960000000000036,Q1 low
